Country,Region,Cluster,State,Branch Code,Branch Name,Sales Head,Employee ID,Employee Name,Designation,Month,Product Category,Product Subcategory,Product,Target Units,Actual Units,Target Sales Value (INR),Actual Sales Value (INR),Achievement %,Leads Generated,Conversions,Conversion Rate %,Customer Calls,Customer Meetings,Average Ticket Size (INR),Estimated Revenue (INR),Estimated Incentive (INR),Quality Score %,Attrition Flag,Variance to Target (INR),Sales per Call (INR),Sales per Meeting (INR),Lead-to-Conversion %,Target Status
India,North,Delhi NCR Cluster,Delhi,DL001,Delhi Connaught Place,Amit Sharma,EMP0001,Employee 001,Sales Officer,Jan-2026,Investments,Investments,Recurring Deposit,17,19,"615,994.73","683,353.43",110.93,57,14,24.56,93,17,"35,965.97","41,001.21","1,690.69",97.58,Yes,"67,358.70","7,347.89","40,197.26",0.25,Achieved
India,North,Delhi NCR Cluster,Delhi,DL001,Delhi Connaught Place,Amit Sharma,EMP0001,Employee 001,Sales Officer,Feb-2026,Investments,Investments,Mutual Fund,7,7,"1,555,199.46","1,712,014.80",110.08,35,7,20.00,116,17,"244,573.54","171,201.48","15,681.44",85.01,No,"156,815.34","14,758.75","100,706.75",0.20,Achieved
India,North,Delhi NCR Cluster,Delhi,DL001,Delhi Connaught Place,Amit Sharma,EMP0001,Employee 001,Sales Officer,Mar-2026,Insurance,Insurance,General Insurance,10,8,"441,920.59","347,172.33",78.56,24,7,29.17,104,28,"43,396.54","48,604.13","3,084.59",85.96,No,"-94,748.26","3,338.20","12,399.01",0.29,Below Target
India,North,Delhi NCR Cluster,Delhi,DL001,Delhi Connaught Place,Amit Sharma,EMP0001,Employee 001,Sales Officer,Apr-2026,Loans,Retail Lending,Home Loan,4,4,"7,696,378.86","8,858,815.15",115.10,16,3,18.75,143,28,"2,214,703.79","708,705.21","59,273.50",74.28,No,"1,162,436.29","61,949.76","316,386.26",0.19,Achieved
India,North,Delhi NCR Cluster,Delhi,DL001,Delhi Connaught Place,Amit Sharma,EMP0001,Employee 001,Sales Officer,May-2026,Cards,Cards,Debit Card,33,37,"375,968.61","432,429.59",115.02,222,44,19.82,129,43,"11,687.29","17,297.18","1,524.43",88.18,No,"56,460.98","3,352.17","10,056.50",0.20,Achieved
India,North,Delhi NCR Cluster,Delhi,DL001,Delhi Connaught Place,Amit Sharma,EMP0001,Employee 001,Sales Officer,Jun-2026,Cards,Cards,Debit Card,28,14,"298,978.38","149,218.02",49.91,84,24,28.57,102,19,"10,658.43","5,968.72",570.48,78.43,No,"-149,760.36","1,462.92","7,853.58",0.29,Below Target
India,North,Delhi NCR Cluster,Delhi,DL001,Delhi Connaught Place,Amit Sharma,EMP0002,Employee 002,Senior Sales Officer,Jan-2026,Insurance,Insurance,General Insurance,8,4,"424,482.61","255,190.82",60.12,20,5,25.00,155,41,"63,797.71","35,726.72","2,632.15",95.70,No,"-169,291.79","1,646.39","6,224.17",0.25,Below Target
India,North,Delhi NCR Cluster,Delhi,DL001,Delhi Connaught Place,Amit Sharma,EMP0002,Employee 002,Senior Sales Officer,Feb-2026,Loans,Retail Lending,Personal Loan,10,10,"4,491,624.06","4,919,703.88",109.53,50,7,14.00,146,46,"491,970.39","541,167.43","42,310.97",98.77,No,"428,079.82","33,696.60","106,950.08",0.14,Achieved
India,North,Delhi NCR Cluster,Delhi,DL001,Delhi Connaught Place,Amit Sharma,EMP0002,Employee 002,Senior Sales Officer,Mar-2026,Loans,Retail Lending,Home Loan,3,2,"9,151,655.40","8,179,936.59",89.38,12,3,25.00,155,42,"4,089,968.29","654,394.93","62,679.16",90.50,No,"-971,718.82","52,773.78","194,760.39",0.25,Below Target
India,North,Delhi NCR Cluster,Delhi,DL001,Delhi Connaught Place,Amit Sharma,EMP0002,Employee 002,Senior Sales Officer,Apr-2026,Insurance,Insurance,General Insurance,9,8,"438,728.84","459,930.25",104.83,48,14,29.17,161,39,"57,491.28","64,390.23","3,804.19",81.31,No,"21,201.40","2,856.71","11,793.08",0.29,Achieved
India,North,Delhi NCR Cluster,Delhi,DL001,Delhi Connaught Place,Amit Sharma,EMP0002,Employee 002,Senior Sales Officer,May-2026,Insurance,Insurance,General Insurance,8,5,"454,602.07","300,329.23",66.06,15,2,13.33,113,38,"60,065.85","42,046.09","4,060.58",80.87,No,"-154,272.84","2,657.78","7,903.40",0.13,Below Target
India,North,Delhi NCR Cluster,Delhi,DL001,Delhi Connaught Place,Amit Sharma,EMP0002,Employee 002,Senior Sales Officer,Jun-2026,Insurance,Insurance,Life Insurance,7,5,"797,113.93","578,941.00",72.63,20,5,25.00,170,31,"115,788.20","104,209.38","5,836.44",97.83,Yes,"-218,172.93","3,405.54","18,675.52",0.25,Below Target
India,North,Delhi NCR Cluster,Delhi,DL001,Delhi Connaught Place,Amit Sharma,EMP0003,Employee 003,Sales Officer,Jan-2026,Cards,Cards,Debit Card,27,30,"312,713.96","349,325.61",111.71,180,44,24.44,137,25,"11,644.19","13,973.02",868.83,86.19,No,"36,611.65","2,549.82","13,973.02",0.24,Achieved
India,North,Delhi NCR Cluster,Delhi,DL001,Delhi Connaught Place,Amit Sharma,EMP0003,Employee 003,Sales Officer,Feb-2026,Cards,Cards,Credit Card,18,24,"909,659.16","1,127,995.17",124.00,72,11,15.28,128,20,"46,999.80","135,359.42","11,065.47",78.19,No,"218,336.00","8,812.46","56,399.76",0.15,Achieved
India,North,Delhi NCR Cluster,Delhi,DL001,Delhi Connaught Place,Amit Sharma,EMP0003,Employee 003,Sales Officer,Mar-2026,Investments,Investments,Mutual Fund,8,4,"1,624,157.87","1,032,505.88",63.57,24,5,20.83,173,15,"258,126.47","103,250.59","8,315.95",88.48,No,"-591,652.00","5,968.24","68,833.73",0.21,Below Target
India,North,Delhi NCR Cluster,Delhi,DL001,Delhi Connaught Place,Amit Sharma,EMP0003,Employee 003,Sales Officer,Apr-2026,CASA,Accounts,Current Account,13,15,"2,541,400.61","3,076,404.78",121.05,60,20,33.33,81,19,"205,093.65","307,640.48","28,925.92",79.38,No,"535,004.18","37,980.31","161,916.04",0.33,Achieved
India,North,Delhi NCR Cluster,Delhi,DL001,Delhi Connaught Place,Amit Sharma,EMP0003,Employee 003,Sales Officer,May-2026,Insurance,Insurance,General Insurance,11,13,"498,103.78","606,440.20",121.75,39,10,25.64,144,22,"46,649.25","84,901.63","7,396.67",80.55,No,"108,336.42","4,211.39","27,565.46",0.26,Achieved
India,North,Delhi NCR Cluster,Delhi,DL001,Delhi Connaught Place,Amit Sharma,EMP0003,Employee 003,Sales Officer,Jun-2026,Loans,Retail Lending,Personal Loan,11,12,"4,208,293.32","4,617,673.51",109.73,48,13,27.08,149,47,"384,806.13","507,944.09","20,868.64",86.85,No,"409,380.19","30,991.10","98,248.37",0.27,Achieved
India,North,Delhi NCR Cluster,Delhi,DL001,Delhi Connaught Place,Amit Sharma,EMP0004,Employee 004,Sales Officer,Jan-2026,Insurance,Insurance,Life Insurance,7,8,"714,344.81","814,357.93",114.00,40,10,25.00,91,44,"101,794.74","146,584.43","14,421.07",90.89,No,"100,013.12","8,948.99","18,508.13",0.25,Achieved
India,North,Delhi NCR Cluster,Delhi,DL001,Delhi Connaught Place,Amit Sharma,EMP0004,Employee 004,Sales Officer,Feb-2026,Cards,Cards,Credit Card,17,16,"939,177.91","936,707.98",99.74,48,7,14.58,130,33,"58,544.25","112,404.96","8,353.96",94.11,No,"-2,469.93","7,205.45","28,385.09",0.15,Below Target
India,North,Delhi NCR Cluster,Delhi,DL001,Delhi Connaught Place,Amit Sharma,EMP0004,Employee 004,Sales Officer,Mar-2026,CASA,Accounts,Savings Account,32,31,"1,338,057.85","1,400,283.50",104.65,93,31,33.33,115,45,"45,170.44","112,022.68","10,957.74",89.33,No,"62,225.65","12,176.38","31,117.41",0.33,Achieved
India,North,Delhi NCR Cluster,Delhi,DL001,Delhi Connaught Place,Amit Sharma,EMP0004,Employee 004,Sales Officer,Apr-2026,Loans,Retail Lending,Auto Loan,5,4,"1,538,889.70","1,276,976.15",82.98,16,4,25.00,173,38,"319,244.04","114,927.85","6,037.75",82.31,No,"-261,913.55","7,381.37","33,604.64",0.25,Below Target
India,North,Delhi NCR Cluster,Delhi,DL001,Delhi Connaught Place,Amit Sharma,EMP0004,Employee 004,Sales Officer,May-2026,Cards,Cards,Debit Card,33,33,"375,280.70","395,744.28",105.45,165,46,27.88,108,43,"11,992.25","15,829.77",914.81,80.00,No,"20,463.58","3,664.30","9,203.36",0.28,Achieved
India,North,Delhi NCR Cluster,Delhi,DL001,Delhi Connaught Place,Amit Sharma,EMP0004,Employee 004,Sales Officer,Jun-2026,CASA,Accounts,Current Account,13,14,"2,612,472.95","3,067,974.39",117.44,84,11,13.10,156,29,"219,141.03","306,797.44","19,185.57",100.00,No,"455,501.45","19,666.50","105,792.22",0.13,Achieved
India,North,Delhi NCR Cluster,Delhi,DL001,Delhi Connaught Place,Amit Sharma,EMP0005,Employee 005,Relationship Manager,Jan-2026,Cards,Cards,Credit Card,20,15,"991,512.05","820,246.07",82.73,45,5,11.11,139,29,"54,683.07","98,429.53","6,064.38",84.81,No,"-171,265.97","5,901.05","28,284.35",0.11,Below Target
India,North,Delhi NCR Cluster,Delhi,DL001,Delhi Connaught Place,Amit Sharma,EMP0005,Employee 005,Relationship Manager,Feb-2026,CASA,Accounts,Savings Account,39,33,"1,184,615.46","1,094,379.33",92.38,198,47,23.74,116,49,"33,163.01","87,550.35","6,850.45",93.44,No,"-90,236.13","9,434.30","22,334.27",0.24,Below Target
India,North,Delhi NCR Cluster,Delhi,DL001,Delhi Connaught Place,Amit Sharma,EMP0005,Employee 005,Relationship Manager,Mar-2026,CASA,Accounts,Current Account,13,6,"2,328,124.19","1,135,398.73",48.77,30,5,16.67,159,37,"189,233.12","113,539.87","7,459.44",89.31,No,"-1,192,725.46","7,140.87","30,686.45",0.17,Below Target
India,North,Delhi NCR Cluster,Delhi,DL001,Delhi Connaught Place,Amit Sharma,EMP0005,Employee 005,Relationship Manager,Apr-2026,CASA,Accounts,Savings Account,32,29,"1,217,721.60","1,163,863.00",95.58,174,58,33.33,70,30,"40,133.21","93,109.04","6,610.91",85.78,No,"-53,858.60","16,626.61","38,795.43",0.33,Below Target
India,North,Delhi NCR Cluster,Delhi,DL001,Delhi Connaught Place,Amit Sharma,EMP0005,Employee 005,Relationship Manager,May-2026,Loans,Retail Lending,Auto Loan,5,3,"1,530,866.89","1,075,824.91",70.28,9,1,11.11,161,19,"358,608.30","96,824.24","4,419.97",100.00,No,"-455,041.98","6,682.14","56,622.36",0.11,Below Target
India,North,Delhi NCR Cluster,Delhi,DL001,Delhi Connaught Place,Amit Sharma,EMP0005,Employee 005,Relationship Manager,Jun-2026,Loans,Retail Lending,Home Loan,3,3,"8,409,918.22","10,175,690.84",121.00,12,3,25.00,138,48,"3,391,896.95","814,055.27","45,305.12",92.20,No,"1,765,772.62","73,736.89","211,993.56",0.25,Achieved
India,North,Delhi NCR Cluster,Delhi,DL001,Delhi Connaught Place,Amit Sharma,EMP0006,Employee 006,Senior Sales Officer,Jan-2026,CASA,Accounts,Savings Account,36,53,"1,359,800.98","2,196,330.07",161.52,318,81,25.47,160,34,"41,440.19","175,706.41","13,095.13",90.90,No,"836,529.09","13,727.06","64,597.94",0.25,Achieved
India,North,Delhi NCR Cluster,Delhi,DL001,Delhi Connaught Place,Amit Sharma,EMP0006,Employee 006,Senior Sales Officer,Feb-2026,Investments,Investments,Mutual Fund,8,8,"1,868,007.42","2,100,514.64",112.45,48,15,31.25,113,43,"262,564.33","210,051.46","9,276.23",86.10,No,"232,507.22","18,588.63","48,849.18",0.31,Achieved
India,North,Delhi NCR Cluster,Delhi,DL001,Delhi Connaught Place,Amit Sharma,EMP0006,Employee 006,Senior Sales Officer,Mar-2026,CASA,Accounts,Current Account,11,11,"2,616,791.98","2,627,317.19",100.40,44,5,11.36,103,21,"238,847.02","262,731.72","12,372.01",84.99,No,"10,525.22","25,507.93","125,110.34",0.11,Achieved
India,North,Delhi NCR Cluster,Delhi,DL001,Delhi Connaught Place,Amit Sharma,EMP0006,Employee 006,Senior Sales Officer,Apr-2026,Investments,Investments,Recurring Deposit,19,20,"654,227.26","667,411.78",102.02,60,15,25.00,168,49,"33,370.59","40,044.71","2,593.18",92.07,No,"13,184.52","3,972.69","13,620.65",0.25,Achieved
India,North,Delhi NCR Cluster,Delhi,DL001,Delhi Connaught Place,Amit Sharma,EMP0006,Employee 006,Senior Sales Officer,May-2026,Cards,Cards,Debit Card,30,37,"322,552.67","421,341.80",130.63,185,54,29.19,174,44,"11,387.62","16,853.67","1,586.83",89.60,No,"98,789.13","2,421.50","9,575.95",0.29,Achieved
India,North,Delhi NCR Cluster,Delhi,DL001,Delhi Connaught Place,Amit Sharma,EMP0006,Employee 006,Senior Sales Officer,Jun-2026,Insurance,Insurance,General Insurance,9,10,"383,963.08","485,861.97",126.54,60,12,20.00,97,28,"48,586.20","68,020.68","5,482.89",85.83,No,"101,898.89","5,008.89","17,352.21",0.20,Achieved
India,North,Delhi NCR Cluster,Delhi,DL001,Delhi Connaught Place,Amit Sharma,EMP0007,Employee 007,Sales Officer,Jan-2026,Loans,Retail Lending,Auto Loan,6,6,"1,462,109.39","1,672,975.20",114.42,36,10,27.78,178,28,"278,829.20","150,567.77","10,987.19",82.37,No,"210,865.81","9,398.74","59,749.11",0.28,Achieved
India,North,Delhi NCR Cluster,Delhi,DL001,Delhi Connaught Place,Amit Sharma,EMP0007,Employee 007,Sales Officer,Feb-2026,Cards,Cards,Debit Card,34,49,"369,743.15","573,607.11",155.14,147,21,14.29,76,27,"11,706.27","22,944.28","1,224.18",90.83,No,"203,863.96","7,547.46","21,244.71",0.14,Achieved
India,North,Delhi NCR Cluster,Delhi,DL001,Delhi Connaught Place,Amit Sharma,EMP0007,Employee 007,Sales Officer,Mar-2026,Investments,Investments,Recurring Deposit,15,13,"802,194.31","689,931.83",86.01,39,12,30.77,86,21,"53,071.68","41,395.91","4,104.82",89.62,No,"-112,262.48","8,022.46","32,853.90",0.31,Below Target
India,North,Delhi NCR Cluster,Delhi,DL001,Delhi Connaught Place,Amit Sharma,EMP0007,Employee 007,Sales Officer,Apr-2026,Cards,Cards,Credit Card,17,16,"955,372.78","870,189.15",91.08,80,11,13.75,136,27,"54,386.82","104,422.70","6,715.65",100.00,No,"-85,183.63","6,398.45","32,229.23",0.14,Below Target
India,North,Delhi NCR Cluster,Delhi,DL001,Delhi Connaught Place,Amit Sharma,EMP0007,Employee 007,Sales Officer,May-2026,Loans,Retail Lending,Home Loan,4,5,"9,678,540.00","12,435,044.64",128.48,15,2,13.33,102,20,"2,487,008.93","994,803.57","87,668.61",93.40,Yes,"2,756,504.65","121,912.20","621,752.23",0.13,Achieved
India,North,Delhi NCR Cluster,Delhi,DL001,Delhi Connaught Place,Amit Sharma,EMP0007,Employee 007,Sales Officer,Jun-2026,Loans,Retail Lending,Auto Loan,6,5,"1,396,208.58","1,248,252.86",89.40,15,4,26.67,100,15,"249,650.57","112,342.76","8,723.81",90.00,No,"-147,955.72","12,482.53","83,216.86",0.27,Below Target
India,North,Delhi NCR Cluster,Delhi,DL001,Delhi Connaught Place,Amit Sharma,EMP0008,Employee 008,Senior Sales Officer,Jan-2026,Insurance,Insurance,General Insurance,8,7,"427,814.11","385,238.75",90.05,42,9,21.43,127,42,"55,034.11","53,933.42","2,408.89",83.80,Yes,"-42,575.36","3,033.38","9,172.35",0.21,Below Target
India,North,Delhi NCR Cluster,Delhi,DL001,Delhi Connaught Place,Amit Sharma,EMP0008,Employee 008,Senior Sales Officer,Feb-2026,Investments,Investments,Recurring Deposit,16,17,"765,896.95","862,049.10",112.55,51,7,13.73,104,20,"50,708.77","51,722.95","5,016.50",100.00,No,"96,152.14","8,288.93","43,102.45",0.14,Achieved
India,North,Delhi NCR Cluster,Delhi,DL001,Delhi Connaught Place,Amit Sharma,EMP0008,Employee 008,Senior Sales Officer,Mar-2026,Insurance,Insurance,General Insurance,11,12,"388,604.52","413,378.53",106.38,36,10,27.78,87,46,"34,448.21","57,872.99","5,736.21",87.07,No,"24,774.01","4,751.48","8,986.49",0.28,Achieved
India,North,Delhi NCR Cluster,Delhi,DL001,Delhi Connaught Place,Amit Sharma,EMP0008,Employee 008,Senior Sales Officer,Apr-2026,Investments,Investments,Fixed Deposit,16,17,"3,304,495.83","3,563,685.69",107.84,85,12,14.12,90,20,"209,628.57","249,458.00","20,331.54",87.40,No,"259,189.85","39,596.51","178,184.28",0.14,Achieved
India,North,Delhi NCR Cluster,Delhi,DL001,Delhi Connaught Place,Amit Sharma,EMP0008,Employee 008,Senior Sales Officer,May-2026,Loans,Retail Lending,Auto Loan,6,6,"1,813,487.55","1,942,847.38",107.13,18,3,16.67,142,15,"323,807.90","174,856.26","17,003.56",88.33,No,"129,359.83","13,682.02","129,523.16",0.17,Achieved
India,North,Delhi NCR Cluster,Delhi,DL001,Delhi Connaught Place,Amit Sharma,EMP0008,Employee 008,Senior Sales Officer,Jun-2026,CASA,Accounts,Savings Account,33,41,"1,060,880.73","1,388,187.43",130.85,164,37,22.56,72,26,"33,858.23","111,054.99","9,882.02",98.79,Yes,"327,306.70","19,280.38","53,391.82",0.23,Achieved
India,North,Delhi NCR Cluster,Uttar Pradesh,UP001,Noida Sector 18,Priya Verma,EMP0009,Employee 009,Sales Officer,Jan-2026,Investments,Investments,Recurring Deposit,15,11,"753,578.82","574,851.03",76.28,44,13,29.55,172,48,"52,259.18","34,491.06","2,105.17",86.12,No,"-178,727.79","3,342.16","11,976.06",0.30,Below Target
India,North,Delhi NCR Cluster,Uttar Pradesh,UP001,Noida Sector 18,Priya Verma,EMP0009,Employee 009,Sales Officer,Feb-2026,Investments,Investments,Recurring Deposit,18,19,"689,691.19","793,178.26",115.00,76,19,25.00,120,31,"41,746.22","47,590.70","4,614.93",84.82,No,"103,487.07","6,609.82","25,586.40",0.25,Achieved
India,North,Delhi NCR Cluster,Uttar Pradesh,UP001,Noida Sector 18,Priya Verma,EMP0009,Employee 009,Sales Officer,Mar-2026,Insurance,Insurance,Life Insurance,6,6,"604,630.87","690,566.08",114.21,24,4,16.67,176,25,"115,094.35","124,301.89","5,537.87",92.10,No,"85,935.21","3,923.67","27,622.64",0.17,Achieved
India,North,Delhi NCR Cluster,Uttar Pradesh,UP001,Noida Sector 18,Priya Verma,EMP0009,Employee 009,Sales Officer,Apr-2026,Cards,Cards,Debit Card,31,17,"316,407.06","183,812.22",58.09,51,16,31.37,136,41,"10,812.48","7,352.49",588.59,98.50,No,"-132,594.84","1,351.56","4,483.22",0.31,Below Target
India,North,Delhi NCR Cluster,Uttar Pradesh,UP001,Noida Sector 18,Priya Verma,EMP0009,Employee 009,Sales Officer,May-2026,Investments,Investments,Fixed Deposit,14,16,"2,862,857.29","2,994,447.63",104.60,64,9,14.06,174,26,"187,152.98","209,611.33","10,979.45",84.30,No,"131,590.34","17,209.47","115,171.06",0.14,Achieved
India,North,Delhi NCR Cluster,Uttar Pradesh,UP001,Noida Sector 18,Priya Verma,EMP0009,Employee 009,Sales Officer,Jun-2026,Investments,Investments,Fixed Deposit,16,15,"3,115,110.35","2,781,782.33",89.30,60,9,15.00,117,31,"185,452.16","194,724.76","11,023.89",88.29,No,"-333,328.02","23,775.92","89,734.91",0.15,Below Target
India,North,Delhi NCR Cluster,Uttar Pradesh,UP001,Noida Sector 18,Priya Verma,EMP0010,Employee 010,Relationship Manager,Jan-2026,Loans,Retail Lending,Home Loan,3,2,"8,801,549.67","7,398,140.94",84.05,12,3,25.00,95,28,"3,699,070.47","591,851.28","28,920.43",79.40,No,"-1,403,408.72","77,875.17","264,219.32",0.25,Below Target
India,North,Delhi NCR Cluster,Uttar Pradesh,UP001,Noida Sector 18,Priya Verma,EMP0010,Employee 010,Relationship Manager,Feb-2026,Loans,Retail Lending,Personal Loan,10,10,"3,969,682.22","3,956,035.87",99.66,50,10,20.00,133,39,"395,603.59","435,163.95","36,660.09",94.78,No,"-13,646.34","29,744.63","101,436.82",0.20,Below Target
India,North,Delhi NCR Cluster,Uttar Pradesh,UP001,Noida Sector 18,Priya Verma,EMP0010,Employee 010,Relationship Manager,Mar-2026,Cards,Cards,Debit Card,28,20,"310,075.02","245,600.26",79.21,120,27,22.50,79,17,"12,280.01","9,824.01",775.40,83.42,No,"-64,474.77","3,108.86","14,447.07",0.22,Below Target
India,North,Delhi NCR Cluster,Uttar Pradesh,UP001,Noida Sector 18,Priya Verma,EMP0010,Employee 010,Relationship Manager,Apr-2026,Loans,Retail Lending,Home Loan,4,6,"8,325,731.84","12,279,505.83",147.49,18,3,16.67,121,40,"2,046,584.31","982,360.47","75,104.71",95.10,No,"3,953,773.99","101,483.52","306,987.65",0.17,Achieved
India,North,Delhi NCR Cluster,Uttar Pradesh,UP001,Noida Sector 18,Priya Verma,EMP0010,Employee 010,Relationship Manager,May-2026,Investments,Investments,Recurring Deposit,16,16,"616,374.32","577,551.32",93.70,80,18,22.50,163,25,"36,096.96","34,653.08","1,568.86",88.89,No,"-38,823.00","3,543.26","23,102.05",0.22,Below Target
India,North,Delhi NCR Cluster,Uttar Pradesh,UP001,Noida Sector 18,Priya Verma,EMP0010,Employee 010,Relationship Manager,Jun-2026,Insurance,Insurance,Life Insurance,8,2,"618,528.17","226,791.63",36.67,12,3,25.00,148,20,"113,395.82","40,822.49","4,021.18",92.79,No,"-391,736.54","1,532.38","11,339.58",0.25,Below Target
India,North,Delhi NCR Cluster,Uttar Pradesh,UP001,Noida Sector 18,Priya Verma,EMP0011,Employee 011,Relationship Manager,Jan-2026,Insurance,Insurance,General Insurance,9,9,"495,708.65","499,819.78",100.83,36,7,19.44,88,34,"55,535.53","69,974.77","4,930.19",100.00,No,"4,111.14","5,679.77","14,700.58",0.19,Achieved
India,North,Delhi NCR Cluster,Uttar Pradesh,UP001,Noida Sector 18,Priya Verma,EMP0011,Employee 011,Relationship Manager,Feb-2026,CASA,Accounts,Savings Account,35,21,"1,075,570.58","663,189.06",61.66,105,26,24.76,75,24,"31,580.43","53,055.12","3,868.58",93.58,No,"-412,381.52","8,842.52","27,632.88",0.25,Below Target
India,North,Delhi NCR Cluster,Uttar Pradesh,UP001,Noida Sector 18,Priya Verma,EMP0011,Employee 011,Relationship Manager,Mar-2026,CASA,Accounts,Current Account,11,13,"2,636,127.04","3,471,020.23",131.67,65,14,21.54,107,49,"267,001.56","347,102.02","21,149.65",83.96,Yes,"834,893.19","32,439.44","70,837.15",0.22,Achieved
India,North,Delhi NCR Cluster,Uttar Pradesh,UP001,Noida Sector 18,Priya Verma,EMP0011,Employee 011,Relationship Manager,Apr-2026,Investments,Investments,Mutual Fund,7,7,"1,565,907.98","1,711,071.90",109.27,28,3,10.71,162,22,"244,438.84","171,107.19","15,344.29",88.63,No,"145,163.92","10,562.17","77,776.00",0.11,Achieved
India,North,Delhi NCR Cluster,Uttar Pradesh,UP001,Noida Sector 18,Priya Verma,EMP0011,Employee 011,Relationship Manager,May-2026,Investments,Investments,Mutual Fund,8,7,"1,889,206.50","1,746,809.76",92.46,42,8,19.05,111,39,"249,544.25","174,680.98","14,145.48",85.77,No,"-142,396.74","15,737.02","44,789.99",0.19,Below Target
India,North,Delhi NCR Cluster,Uttar Pradesh,UP001,Noida Sector 18,Priya Verma,EMP0011,Employee 011,Relationship Manager,Jun-2026,Insurance,Insurance,Life Insurance,6,4,"751,997.97","625,172.62",83.13,12,2,16.67,135,28,"156,293.16","112,531.07","4,951.05",72.39,No,"-126,825.35","4,630.91","22,327.59",0.17,Below Target
India,North,Delhi NCR Cluster,Uttar Pradesh,UP001,Noida Sector 18,Priya Verma,EMP0012,Employee 012,Sales Officer,Jan-2026,Cards,Cards,Credit Card,17,17,"802,603.46","884,896.16",110.25,51,11,21.57,163,41,"52,052.72","106,187.54","9,271.85",91.98,No,"82,292.70","5,428.81","21,582.83",0.22,Achieved
India,North,Delhi NCR Cluster,Uttar Pradesh,UP001,Noida Sector 18,Priya Verma,EMP0012,Employee 012,Sales Officer,Feb-2026,CASA,Accounts,Savings Account,31,38,"1,093,636.05","1,417,040.86",129.57,114,36,31.58,166,27,"37,290.55","113,363.27","5,287.03",93.05,No,"323,404.81","8,536.39","52,482.99",0.32,Achieved
India,North,Delhi NCR Cluster,Uttar Pradesh,UP001,Noida Sector 18,Priya Verma,EMP0012,Employee 012,Sales Officer,Mar-2026,Insurance,Insurance,Life Insurance,7,7,"697,135.07","693,878.70",99.53,21,5,23.81,164,40,"99,125.53","124,898.17","6,882.88",100.00,No,"-3,256.37","4,230.97","17,346.97",0.24,Below Target
India,North,Delhi NCR Cluster,Uttar Pradesh,UP001,Noida Sector 18,Priya Verma,EMP0012,Employee 012,Sales Officer,Apr-2026,Investments,Investments,Recurring Deposit,16,15,"683,955.34","636,612.02",93.08,75,11,14.67,82,32,"42,440.80","38,196.72","2,929.20",90.28,No,"-47,343.32","7,763.56","19,894.13",0.15,Below Target
India,North,Delhi NCR Cluster,Uttar Pradesh,UP001,Noida Sector 18,Priya Verma,EMP0012,Employee 012,Sales Officer,May-2026,Investments,Investments,Mutual Fund,9,7,"1,956,645.70","1,382,572.79",70.66,35,5,14.29,161,45,"197,510.40","138,257.28","10,563.26",89.43,No,"-574,072.91","8,587.41","30,723.84",0.14,Below Target
India,North,Delhi NCR Cluster,Uttar Pradesh,UP001,Noida Sector 18,Priya Verma,EMP0012,Employee 012,Sales Officer,Jun-2026,Insurance,Insurance,Life Insurance,6,5,"634,127.38","621,206.02",97.96,15,4,26.67,124,29,"124,241.20","111,817.08","7,149.60",84.71,No,"-12,921.37","5,009.73","21,420.90",0.27,Below Target
India,North,Delhi NCR Cluster,Uttar Pradesh,UP001,Noida Sector 18,Priya Verma,EMP0013,Employee 013,Sales Officer,Jan-2026,Loans,Retail Lending,Home Loan,3,3,"8,281,986.69","9,939,814.28",120.02,12,2,16.67,151,41,"3,313,271.43","795,185.14","66,994.41",97.23,No,"1,657,827.59","65,826.58","242,434.49",0.17,Achieved
India,North,Delhi NCR Cluster,Uttar Pradesh,UP001,Noida Sector 18,Priya Verma,EMP0013,Employee 013,Sales Officer,Feb-2026,Investments,Investments,Recurring Deposit,16,17,"602,114.62","647,737.07",107.58,51,12,23.53,91,40,"38,102.18","38,864.22","1,585.10",77.29,No,"45,622.45","7,117.99","16,193.43",0.24,Achieved
India,North,Delhi NCR Cluster,Uttar Pradesh,UP001,Noida Sector 18,Priya Verma,EMP0013,Employee 013,Sales Officer,Mar-2026,Cards,Cards,Debit Card,30,29,"387,866.36","386,970.40",99.77,174,40,22.99,70,46,"13,343.81","15,478.82",681.45,91.01,No,-895.96,"5,528.15","8,412.40",0.23,Below Target
India,North,Delhi NCR Cluster,Uttar Pradesh,UP001,Noida Sector 18,Priya Verma,EMP0013,Employee 013,Sales Officer,Apr-2026,Investments,Investments,Recurring Deposit,17,14,"726,244.96","608,028.16",83.72,84,20,23.81,87,15,"43,430.58","36,481.69","3,156.82",95.90,No,"-118,216.80","6,988.83","40,535.21",0.24,Below Target
India,North,Delhi NCR Cluster,Uttar Pradesh,UP001,Noida Sector 18,Priya Verma,EMP0013,Employee 013,Sales Officer,May-2026,CASA,Accounts,Current Account,11,6,"2,699,017.21","1,531,399.33",56.74,36,11,30.56,172,17,"255,233.22","153,139.93","9,555.71",100.00,No,"-1,167,617.88","8,903.48","90,082.31",0.31,Below Target
India,North,Delhi NCR Cluster,Uttar Pradesh,UP001,Noida Sector 18,Priya Verma,EMP0013,Employee 013,Sales Officer,Jun-2026,CASA,Accounts,Current Account,10,9,"2,661,979.17","2,498,098.12",93.84,27,6,22.22,136,38,"277,566.46","249,809.81","12,931.85",87.51,No,"-163,881.05","18,368.37","65,739.42",0.22,Below Target
India,North,Delhi NCR Cluster,Uttar Pradesh,UP001,Noida Sector 18,Priya Verma,EMP0014,Employee 014,Relationship Manager,Jan-2026,Insurance,Insurance,General Insurance,10,8,"414,654.68","331,418.25",79.93,48,16,33.33,101,30,"41,427.28","46,398.56","2,961.67",91.43,No,"-83,236.42","3,281.37","11,047.28",0.33,Below Target
India,North,Delhi NCR Cluster,Uttar Pradesh,UP001,Noida Sector 18,Priya Verma,EMP0014,Employee 014,Relationship Manager,Feb-2026,Loans,Retail Lending,Auto Loan,5,2,"1,663,955.57","1,004,849.31",60.39,7,0,0.00,88,43,"502,424.66","90,436.44","5,904.19",81.70,No,"-659,106.26","11,418.74","23,368.59",0.00,Below Target
India,North,Delhi NCR Cluster,Uttar Pradesh,UP001,Noida Sector 18,Priya Verma,EMP0014,Employee 014,Relationship Manager,Mar-2026,Loans,Retail Lending,Auto Loan,5,3,"1,643,341.57","1,080,718.74",65.76,9,1,11.11,163,23,"360,239.58","97,264.69","6,435.77",82.29,No,"-562,622.83","6,630.18","46,987.77",0.11,Below Target
India,North,Delhi NCR Cluster,Uttar Pradesh,UP001,Noida Sector 18,Priya Verma,EMP0014,Employee 014,Relationship Manager,Apr-2026,Loans,Retail Lending,Home Loan,4,4,"8,426,216.90","8,218,764.33",97.54,16,2,12.50,83,23,"2,054,691.08","657,501.15","47,667.55",81.17,No,"-207,452.57","99,021.26","357,337.58",0.12,Below Target
India,North,Delhi NCR Cluster,Uttar Pradesh,UP001,Noida Sector 18,Priya Verma,EMP0014,Employee 014,Relationship Manager,May-2026,Cards,Cards,Debit Card,29,33,"311,389.00","388,248.33",124.68,132,24,18.18,144,20,"11,765.10","15,529.93","1,473.14",79.60,No,"76,859.33","2,696.17","19,412.42",0.18,Achieved
India,North,Delhi NCR Cluster,Uttar Pradesh,UP001,Noida Sector 18,Priya Verma,EMP0014,Employee 014,Relationship Manager,Jun-2026,Loans,Retail Lending,Home Loan,3,2,"8,493,535.48","7,183,551.54",84.58,7,0,0.00,154,41,"3,591,775.77","574,684.12","54,020.95",87.98,No,"-1,309,983.94","46,646.44","175,208.57",0.00,Below Target
India,North,Delhi NCR Cluster,Uttar Pradesh,UP001,Noida Sector 18,Priya Verma,EMP0015,Employee 015,Relationship Manager,Jan-2026,Investments,Investments,Mutual Fund,8,7,"1,982,577.76","1,896,599.78",95.66,28,6,21.43,133,16,"270,942.83","189,659.98","9,478.64",100.00,No,"-85,977.98","14,260.15","118,537.49",0.21,Below Target
India,North,Delhi NCR Cluster,Uttar Pradesh,UP001,Noida Sector 18,Priya Verma,EMP0015,Employee 015,Relationship Manager,Feb-2026,Loans,Retail Lending,Personal Loan,8,8,"4,955,056.64","5,072,879.74",102.38,48,13,27.08,108,49,"634,109.97","558,016.77","54,104.42",86.44,No,"117,823.10","46,971.11","103,528.16",0.27,Achieved
India,North,Delhi NCR Cluster,Uttar Pradesh,UP001,Noida Sector 18,Priya Verma,EMP0015,Employee 015,Relationship Manager,Mar-2026,Insurance,Insurance,Life Insurance,6,6,"601,548.46","586,599.95",97.51,30,9,30.00,150,48,"97,766.66","105,587.99","8,172.51",89.25,No,"-14,948.51","3,910.67","12,220.83",0.30,Below Target
India,North,Delhi NCR Cluster,Uttar Pradesh,UP001,Noida Sector 18,Priya Verma,EMP0015,Employee 015,Relationship Manager,Apr-2026,Insurance,Insurance,General Insurance,9,9,"475,434.32","490,334.80",103.13,45,6,13.33,170,44,"54,481.64","68,646.87","2,767.51",85.66,No,"14,900.48","2,884.32","11,143.97",0.13,Achieved
India,North,Delhi NCR Cluster,Uttar Pradesh,UP001,Noida Sector 18,Priya Verma,EMP0015,Employee 015,Relationship Manager,May-2026,Loans,Retail Lending,Auto Loan,6,4,"1,779,014.00","1,247,602.48",70.13,12,3,25.00,170,30,"311,900.62","112,284.22","10,212.45",86.42,No,"-531,411.52","7,338.84","41,586.75",0.25,Below Target
India,North,Delhi NCR Cluster,Uttar Pradesh,UP001,Noida Sector 18,Priya Verma,EMP0015,Employee 015,Relationship Manager,Jun-2026,Insurance,Insurance,General Insurance,8,10,"472,938.86","575,408.21",121.67,60,19,31.67,92,40,"57,540.82","80,557.15","5,967.41",95.20,Yes,"102,469.35","6,254.44","14,385.21",0.32,Achieved
India,North,Delhi NCR Cluster,Uttar Pradesh,UP001,Noida Sector 18,Priya Verma,EMP0016,Employee 016,Sales Officer,Jan-2026,Loans,Retail Lending,Auto Loan,5,3,"1,562,446.08","1,315,820.40",84.22,15,4,26.67,108,49,"438,606.80","118,423.84","7,004.30",92.31,No,"-246,625.68","12,183.52","26,853.48",0.27,Below Target
India,North,Delhi NCR Cluster,Uttar Pradesh,UP001,Noida Sector 18,Priya Verma,EMP0016,Employee 016,Sales Officer,Feb-2026,CASA,Accounts,Savings Account,35,23,"1,193,182.28","875,744.13",73.40,115,22,19.13,124,37,"38,075.83","70,059.53","3,077.11",97.90,No,"-317,438.15","7,062.45","23,668.76",0.19,Below Target
India,North,Delhi NCR Cluster,Uttar Pradesh,UP001,Noida Sector 18,Priya Verma,EMP0016,Employee 016,Sales Officer,Mar-2026,CASA,Accounts,Savings Account,37,55,"1,207,260.52","1,796,994.11",148.85,330,57,17.27,124,49,"32,672.62","143,759.53","13,255.48",91.40,No,"589,733.59","14,491.89","36,673.35",0.17,Achieved
India,North,Delhi NCR Cluster,Uttar Pradesh,UP001,Noida Sector 18,Priya Verma,EMP0016,Employee 016,Sales Officer,Apr-2026,Cards,Cards,Debit Card,33,29,"304,853.12","244,862.52",80.32,87,25,28.74,162,30,"8,443.54","9,794.50",905.21,79.70,Yes,"-59,990.60","1,511.50","8,162.08",0.29,Below Target
India,North,Delhi NCR Cluster,Uttar Pradesh,UP001,Noida Sector 18,Priya Verma,EMP0016,Employee 016,Sales Officer,May-2026,Investments,Investments,Fixed Deposit,15,14,"3,209,044.63","2,697,854.45",84.07,42,8,19.05,99,18,"192,703.89","188,849.81","15,661.92",83.35,No,"-511,190.17","27,251.06","149,880.80",0.19,Below Target
India,North,Delhi NCR Cluster,Uttar Pradesh,UP001,Noida Sector 18,Priya Verma,EMP0016,Employee 016,Sales Officer,Jun-2026,CASA,Accounts,Savings Account,31,29,"1,364,309.65","1,357,050.23",99.47,87,12,13.79,139,38,"46,794.84","108,564.02","7,387.14",81.82,No,"-7,259.42","9,762.95","35,711.85",0.14,Below Target
India,North,Delhi NCR Cluster,Haryana,HR001,Gurugram MG Road,Rohit Mehta,EMP0017,Employee 017,Sales Officer,Jan-2026,Loans,Retail Lending,Home Loan,4,3,"7,812,951.45","8,018,938.35",102.64,12,2,16.67,167,40,"2,672,979.45","641,515.07","27,074.45",83.38,Yes,"205,986.90","48,017.59","200,473.46",0.17,Achieved
India,North,Delhi NCR Cluster,Haryana,HR001,Gurugram MG Road,Rohit Mehta,EMP0017,Employee 017,Sales Officer,Feb-2026,Insurance,Insurance,Life Insurance,7,6,"780,595.04","742,307.32",95.10,24,5,20.83,175,49,"123,717.89","133,615.32","11,423.35",86.82,No,"-38,287.72","4,241.76","15,149.13",0.21,Below Target
India,North,Delhi NCR Cluster,Haryana,HR001,Gurugram MG Road,Rohit Mehta,EMP0017,Employee 017,Sales Officer,Mar-2026,Insurance,Insurance,Life Insurance,7,6,"752,053.04","667,237.77",88.72,36,9,25.00,167,25,"111,206.29","120,102.80","11,127.24",94.62,No,"-84,815.27","3,995.44","26,689.51",0.25,Below Target
India,North,Delhi NCR Cluster,Haryana,HR001,Gurugram MG Road,Rohit Mehta,EMP0017,Employee 017,Sales Officer,Apr-2026,Investments,Investments,Mutual Fund,8,6,"1,549,128.08","1,270,008.26",81.98,18,4,22.22,128,48,"211,668.04","127,000.83","8,192.47",87.78,No,"-279,119.82","9,921.94","26,458.51",0.22,Below Target
India,North,Delhi NCR Cluster,Haryana,HR001,Gurugram MG Road,Rohit Mehta,EMP0017,Employee 017,Sales Officer,May-2026,Insurance,Insurance,Life Insurance,7,6,"797,045.61","691,538.49",86.76,36,4,11.11,150,46,"115,256.42","124,476.93","8,833.47",88.71,Yes,"-105,507.12","4,610.26","15,033.45",0.11,Below Target
India,North,Delhi NCR Cluster,Haryana,HR001,Gurugram MG Road,Rohit Mehta,EMP0017,Employee 017,Sales Officer,Jun-2026,Loans,Retail Lending,Personal Loan,10,13,"4,185,488.16","5,992,604.63",143.18,65,20,30.77,161,47,"460,969.59","659,186.51","32,590.47",80.08,No,"1,807,116.46","37,221.15","127,502.23",0.31,Achieved
India,North,Delhi NCR Cluster,Haryana,HR001,Gurugram MG Road,Rohit Mehta,EMP0018,Employee 018,Sales Officer,Jan-2026,Insurance,Insurance,General Insurance,11,8,"512,277.56","390,677.88",76.26,40,12,30.00,79,46,"48,834.73","54,694.90","3,287.55",92.16,No,"-121,599.69","4,945.29","8,493.00",0.30,Below Target
India,North,Delhi NCR Cluster,Haryana,HR001,Gurugram MG Road,Rohit Mehta,EMP0018,Employee 018,Sales Officer,Feb-2026,CASA,Accounts,Current Account,12,13,"2,129,789.40","2,252,288.87",105.75,52,10,19.23,174,31,"173,252.99","225,228.89","10,574.64",90.80,No,"122,499.47","12,944.19","72,654.48",0.19,Achieved
India,North,Delhi NCR Cluster,Haryana,HR001,Gurugram MG Road,Rohit Mehta,EMP0018,Employee 018,Sales Officer,Mar-2026,Insurance,Insurance,Life Insurance,6,5,"598,869.82","558,085.73",93.19,20,3,15.00,129,29,"111,617.15","100,455.43","9,635.85",89.33,No,"-40,784.09","4,326.25","19,244.34",0.15,Below Target
India,North,Delhi NCR Cluster,Haryana,HR001,Gurugram MG Road,Rohit Mehta,EMP0018,Employee 018,Sales Officer,Apr-2026,Loans,Retail Lending,Home Loan,4,4,"7,649,262.85","9,109,384.20",119.09,12,3,25.00,134,36,"2,277,346.05","728,750.74","56,299.59",83.63,No,"1,460,121.36","67,980.48","253,038.45",0.25,Achieved
India,North,Delhi NCR Cluster,Haryana,HR001,Gurugram MG Road,Rohit Mehta,EMP0018,Employee 018,Sales Officer,May-2026,CASA,Accounts,Current Account,12,18,"2,412,709.20","3,315,895.37",137.43,54,10,18.52,148,46,"184,216.41","331,589.54","28,591.12",82.82,No,"903,186.18","22,404.70","72,084.68",0.19,Achieved
India,North,Delhi NCR Cluster,Haryana,HR001,Gurugram MG Road,Rohit Mehta,EMP0018,Employee 018,Sales Officer,Jun-2026,Investments,Investments,Fixed Deposit,16,15,"2,641,974.26","2,749,219.57",104.06,75,22,29.33,98,25,"183,281.30","192,445.37","10,246.98",79.43,No,"107,245.32","28,053.26","109,968.78",0.29,Achieved
India,North,Delhi NCR Cluster,Haryana,HR001,Gurugram MG Road,Rohit Mehta,EMP0019,Employee 019,Relationship Manager,Jan-2026,Cards,Cards,Credit Card,19,21,"1,025,420.53","1,194,955.18",116.53,63,21,33.33,70,29,"56,902.63","143,394.62","12,152.73",89.70,No,"169,534.65","17,070.79","41,205.35",0.33,Achieved
India,North,Delhi NCR Cluster,Haryana,HR001,Gurugram MG Road,Rohit Mehta,EMP0019,Employee 019,Relationship Manager,Feb-2026,CASA,Accounts,Savings Account,38,26,"1,190,355.57","894,499.48",75.15,104,17,16.35,162,22,"34,403.83","71,559.96","6,172.43",98.11,No,"-295,856.09","5,521.60","40,659.07",0.16,Below Target
India,North,Delhi NCR Cluster,Haryana,HR001,Gurugram MG Road,Rohit Mehta,EMP0019,Employee 019,Relationship Manager,Mar-2026,Loans,Retail Lending,Home Loan,4,4,"7,697,920.13","8,620,935.16",111.99,16,2,12.50,86,34,"2,155,233.79","689,674.81","45,393.26",86.20,No,"923,015.03","100,243.43","253,556.92",0.12,Achieved
India,North,Delhi NCR Cluster,Haryana,HR001,Gurugram MG Road,Rohit Mehta,EMP0019,Employee 019,Relationship Manager,Apr-2026,Insurance,Insurance,General Insurance,9,10,"462,185.63","506,707.53",109.63,60,13,21.67,141,35,"50,670.75","70,939.05","3,145.92",81.03,No,"44,521.90","3,593.67","14,477.36",0.22,Achieved
India,North,Delhi NCR Cluster,Haryana,HR001,Gurugram MG Road,Rohit Mehta,EMP0019,Employee 019,Relationship Manager,May-2026,Cards,Cards,Credit Card,19,23,"975,559.77","1,112,375.82",114.02,92,26,28.26,110,31,"48,364.17","133,485.10","6,162.68",80.34,No,"136,816.06","10,112.51","35,883.09",0.28,Achieved
India,North,Delhi NCR Cluster,Haryana,HR001,Gurugram MG Road,Rohit Mehta,EMP0019,Employee 019,Relationship Manager,Jun-2026,Cards,Cards,Credit Card,18,24,"767,638.13","1,019,497.86",132.81,96,23,23.96,174,27,"42,479.08","122,339.74","5,499.23",94.14,No,"251,859.73","5,859.18","37,759.18",0.24,Achieved
India,North,Delhi NCR Cluster,Haryana,HR001,Gurugram MG Road,Rohit Mehta,EMP0020,Employee 020,Sales Officer,Jan-2026,Cards,Cards,Debit Card,31,32,"381,561.60","376,201.78",98.60,160,43,26.88,173,25,"11,756.31","15,048.07",714.08,80.56,No,"-5,359.82","2,174.58","15,048.07",0.27,Below Target
India,North,Delhi NCR Cluster,Haryana,HR001,Gurugram MG Road,Rohit Mehta,EMP0020,Employee 020,Sales Officer,Feb-2026,Insurance,Insurance,General Insurance,11,15,"478,901.74","737,832.85",154.07,60,15,25.00,76,25,"49,188.86","103,296.60","9,677.75",90.51,No,"258,931.11","9,708.33","29,513.31",0.25,Achieved
India,North,Delhi NCR Cluster,Haryana,HR001,Gurugram MG Road,Rohit Mehta,EMP0020,Employee 020,Sales Officer,Mar-2026,Investments,Investments,Fixed Deposit,12,11,"2,697,599.53","2,597,316.77",96.28,44,5,11.36,156,26,"236,119.71","181,812.17","9,012.92",98.49,No,"-100,282.76","16,649.47","99,896.80",0.11,Below Target
India,North,Delhi NCR Cluster,Haryana,HR001,Gurugram MG Road,Rohit Mehta,EMP0020,Employee 020,Sales Officer,Apr-2026,Investments,Investments,Fixed Deposit,16,14,"3,334,649.50","2,999,673.22",89.95,84,19,22.62,151,20,"214,262.37","209,977.13","17,460.04",73.81,No,"-334,976.28","19,865.39","149,983.66",0.23,Below Target
India,North,Delhi NCR Cluster,Haryana,HR001,Gurugram MG Road,Rohit Mehta,EMP0020,Employee 020,Sales Officer,May-2026,Insurance,Insurance,Life Insurance,6,6,"737,847.93","681,127.83",92.31,30,5,16.67,76,26,"113,521.30","122,603.01","6,185.52",88.84,Yes,"-56,720.10","8,962.21","26,197.22",0.17,Below Target
India,North,Delhi NCR Cluster,Haryana,HR001,Gurugram MG Road,Rohit Mehta,EMP0020,Employee 020,Sales Officer,Jun-2026,Investments,Investments,Fixed Deposit,14,12,"2,883,934.89","2,782,858.78",96.50,72,17,23.61,120,46,"231,904.90","194,800.11","14,665.23",99.02,No,"-101,076.11","23,190.49","60,496.93",0.24,Below Target
India,North,Delhi NCR Cluster,Haryana,HR001,Gurugram MG Road,Rohit Mehta,EMP0021,Employee 021,Sales Officer,Jan-2026,Loans,Retail Lending,Home Loan,4,2,"9,551,526.53","5,325,149.02",55.75,7,1,14.29,90,29,"2,662,574.51","426,011.92","23,067.49",83.99,No,"-4,226,377.52","59,168.32","183,625.83",0.14,Below Target
India,North,Delhi NCR Cluster,Haryana,HR001,Gurugram MG Road,Rohit Mehta,EMP0021,Employee 021,Sales Officer,Feb-2026,Loans,Retail Lending,Home Loan,3,3,"7,855,439.24","9,120,969.79",116.11,15,3,20.00,172,39,"3,040,323.26","729,677.58","58,197.10",85.96,No,"1,265,530.55","53,028.89","233,871.02",0.20,Achieved
India,North,Delhi NCR Cluster,Haryana,HR001,Gurugram MG Road,Rohit Mehta,EMP0021,Employee 021,Sales Officer,Mar-2026,CASA,Accounts,Savings Account,32,34,"1,256,425.20","1,325,951.54",105.53,204,52,25.49,105,37,"38,998.57","106,076.12","7,131.22",87.39,No,"69,526.34","12,628.11","35,836.53",0.25,Achieved
India,North,Delhi NCR Cluster,Haryana,HR001,Gurugram MG Road,Rohit Mehta,EMP0021,Employee 021,Sales Officer,Apr-2026,Loans,Retail Lending,Personal Loan,9,4,"4,728,677.04","2,286,157.04",48.35,12,2,16.67,112,26,"571,539.26","251,477.27","20,723.40",83.40,No,"-2,442,520.00","20,412.12","87,929.12",0.17,Below Target
India,North,Delhi NCR Cluster,Haryana,HR001,Gurugram MG Road,Rohit Mehta,EMP0021,Employee 021,Sales Officer,May-2026,Loans,Retail Lending,Home Loan,3,4,"8,585,455.41","12,253,876.67",142.73,24,7,29.17,97,29,"3,063,469.17","980,310.13","72,041.44",76.76,No,"3,668,421.26","126,328.63","422,547.47",0.29,Achieved
India,North,Delhi NCR Cluster,Haryana,HR001,Gurugram MG Road,Rohit Mehta,EMP0021,Employee 021,Sales Officer,Jun-2026,Loans,Retail Lending,Home Loan,4,3,"9,613,344.52","8,571,426.90",89.16,15,2,13.33,170,19,"2,857,142.30","685,714.15","31,678.99",87.74,No,"-1,041,917.62","50,420.16","451,127.73",0.13,Below Target
India,North,Delhi NCR Cluster,Haryana,HR001,Gurugram MG Road,Rohit Mehta,EMP0022,Employee 022,Relationship Manager,Jan-2026,Loans,Retail Lending,Home Loan,3,3,"8,539,769.87","10,472,663.31",122.63,18,4,22.22,92,30,"3,490,887.77","837,813.06","80,756.12",90.43,No,"1,932,893.44","113,833.30","349,088.78",0.22,Achieved
India,North,Delhi NCR Cluster,Haryana,HR001,Gurugram MG Road,Rohit Mehta,EMP0022,Employee 022,Relationship Manager,Feb-2026,Insurance,Insurance,Life Insurance,7,5,"632,201.46","554,172.15",87.66,25,8,32.00,112,24,"110,834.43","99,750.99","4,094.87",100.00,No,"-78,029.31","4,947.97","23,090.51",0.32,Below Target
India,North,Delhi NCR Cluster,Haryana,HR001,Gurugram MG Road,Rohit Mehta,EMP0022,Employee 022,Relationship Manager,Mar-2026,Investments,Investments,Fixed Deposit,12,12,"3,387,853.83","3,693,051.33",109.01,36,9,25.00,100,30,"307,754.28","258,513.59","23,165.49",95.35,No,"305,197.50","36,930.51","123,101.71",0.25,Achieved
India,North,Delhi NCR Cluster,Haryana,HR001,Gurugram MG Road,Rohit Mehta,EMP0022,Employee 022,Relationship Manager,Apr-2026,Insurance,Insurance,General Insurance,11,11,"389,008.63","458,374.38",117.83,33,11,33.33,82,23,"41,670.40","64,172.41","2,915.28",82.72,No,"69,365.76","5,589.93","19,929.32",0.33,Achieved
India,North,Delhi NCR Cluster,Haryana,HR001,Gurugram MG Road,Rohit Mehta,EMP0022,Employee 022,Relationship Manager,May-2026,Investments,Investments,Recurring Deposit,17,15,"735,194.61","732,821.33",99.68,60,19,31.67,92,33,"48,854.76","43,969.28","4,051.07",94.75,No,"-2,373.28","7,965.45","22,206.71",0.32,Below Target
India,North,Delhi NCR Cluster,Haryana,HR001,Gurugram MG Road,Rohit Mehta,EMP0022,Employee 022,Relationship Manager,Jun-2026,Cards,Cards,Credit Card,18,11,"929,654.59","625,939.73",67.33,55,11,20.00,158,47,"56,903.61","75,112.77","4,075.07",96.15,No,"-303,714.85","3,961.64","13,317.87",0.20,Below Target
India,North,Delhi NCR Cluster,Haryana,HR001,Gurugram MG Road,Rohit Mehta,EMP0023,Employee 023,Sales Officer,Jan-2026,Investments,Investments,Fixed Deposit,15,10,"3,233,409.90","2,272,896.12",70.29,30,9,30.00,117,16,"227,289.61","159,102.73","10,938.46",90.18,No,"-960,513.77","19,426.46","142,056.01",0.30,Below Target
India,North,Delhi NCR Cluster,Haryana,HR001,Gurugram MG Road,Rohit Mehta,EMP0023,Employee 023,Sales Officer,Feb-2026,Investments,Investments,Fixed Deposit,14,8,"2,904,928.79","1,737,686.52",59.82,32,9,28.12,112,35,"217,210.81","121,638.06","6,294.37",89.20,No,"-1,167,242.27","15,515.06","49,648.19",0.28,Below Target
India,North,Delhi NCR Cluster,Haryana,HR001,Gurugram MG Road,Rohit Mehta,EMP0023,Employee 023,Sales Officer,Mar-2026,Loans,Retail Lending,Auto Loan,6,5,"1,388,928.35","1,414,244.34",101.82,20,3,15.00,147,18,"282,848.87","127,281.99","7,052.26",90.74,No,"25,315.99","9,620.71","78,569.13",0.15,Achieved
India,North,Delhi NCR Cluster,Haryana,HR001,Gurugram MG Road,Rohit Mehta,EMP0023,Employee 023,Sales Officer,Apr-2026,Investments,Investments,Recurring Deposit,18,18,"613,821.53","649,794.53",105.86,72,13,18.06,73,40,"36,099.70","38,987.67","1,844.63",93.39,No,"35,972.99","8,901.29","16,244.86",0.18,Achieved
India,North,Delhi NCR Cluster,Haryana,HR001,Gurugram MG Road,Rohit Mehta,EMP0023,Employee 023,Sales Officer,May-2026,Investments,Investments,Mutual Fund,8,8,"1,587,713.54","1,651,477.66",104.02,32,10,31.25,153,18,"206,434.71","165,147.77","7,468.37",78.66,No,"63,764.12","10,793.97","91,748.76",0.31,Achieved
India,North,Delhi NCR Cluster,Haryana,HR001,Gurugram MG Road,Rohit Mehta,EMP0023,Employee 023,Sales Officer,Jun-2026,Investments,Investments,Mutual Fund,9,9,"1,854,870.38","2,035,056.96",109.71,36,9,25.00,95,23,"226,117.44","203,505.70","16,035.51",84.99,No,"180,186.58","21,421.65","88,480.74",0.25,Achieved
India,North,Delhi NCR Cluster,Haryana,HR001,Gurugram MG Road,Rohit Mehta,EMP0024,Employee 024,Sales Officer,Jan-2026,Investments,Investments,Fixed Deposit,13,12,"3,252,472.96","2,892,198.02",88.92,60,18,30.00,108,24,"241,016.50","202,453.86","17,931.70",93.26,No,"-360,274.94","26,779.61","120,508.25",0.30,Below Target
India,North,Delhi NCR Cluster,Haryana,HR001,Gurugram MG Road,Rohit Mehta,EMP0024,Employee 024,Sales Officer,Feb-2026,Investments,Investments,Fixed Deposit,13,20,"3,213,186.37","5,361,370.78",166.86,100,24,24.00,91,29,"268,068.54","375,295.95","20,196.47",79.34,No,"2,148,184.41","58,916.16","184,874.85",0.24,Achieved
India,North,Delhi NCR Cluster,Haryana,HR001,Gurugram MG Road,Rohit Mehta,EMP0024,Employee 024,Sales Officer,Mar-2026,Investments,Investments,Recurring Deposit,18,15,"699,321.04","660,569.80",94.46,75,19,25.33,87,17,"44,037.99","39,634.19","2,638.17",78.41,No,"-38,751.24","7,592.76","38,857.05",0.25,Below Target
India,North,Delhi NCR Cluster,Haryana,HR001,Gurugram MG Road,Rohit Mehta,EMP0024,Employee 024,Sales Officer,Apr-2026,Insurance,Insurance,General Insurance,9,10,"393,221.61","411,934.93",104.76,30,7,23.33,142,22,"41,193.49","57,670.89","3,576.60",99.40,No,"18,713.32","2,900.95","18,724.32",0.23,Achieved
India,North,Delhi NCR Cluster,Haryana,HR001,Gurugram MG Road,Rohit Mehta,EMP0024,Employee 024,Sales Officer,May-2026,Cards,Cards,Debit Card,26,26,"381,537.43","364,295.56",95.48,78,14,17.95,141,17,"14,011.37","14,571.82","1,048.84",82.61,No,"-17,241.87","2,583.66","21,429.15",0.18,Below Target
India,North,Delhi NCR Cluster,Haryana,HR001,Gurugram MG Road,Rohit Mehta,EMP0024,Employee 024,Sales Officer,Jun-2026,Loans,Retail Lending,Personal Loan,11,6,"4,427,575.67","2,675,565.81",60.43,24,5,20.83,105,19,"445,927.64","294,312.24","14,868.12",78.69,No,"-1,752,009.86","25,481.58","140,819.25",0.21,Below Target
India,North,Punjab Cluster,Chandigarh,CH001,Chandigarh Sector 17,Neha Kapoor,EMP0025,Employee 025,Sales Officer,Jan-2026,Investments,Investments,Fixed Deposit,16,15,"2,862,814.37","2,875,006.26",100.43,90,20,22.22,99,37,"191,667.08","201,250.44","12,871.77",81.67,No,"12,191.88","29,040.47","77,702.87",0.22,Achieved
India,North,Punjab Cluster,Chandigarh,CH001,Chandigarh Sector 17,Neha Kapoor,EMP0025,Employee 025,Sales Officer,Feb-2026,Loans,Retail Lending,Auto Loan,5,6,"1,682,348.05","1,879,692.17",111.73,24,3,12.50,172,46,"313,282.03","169,172.30","8,063.23",93.35,No,"197,344.12","10,928.44","40,862.87",0.12,Achieved
India,North,Punjab Cluster,Chandigarh,CH001,Chandigarh Sector 17,Neha Kapoor,EMP0025,Employee 025,Sales Officer,Mar-2026,Cards,Cards,Credit Card,17,15,"867,845.57","780,017.31",89.88,45,11,24.44,144,17,"52,001.15","93,602.08","5,973.58",85.15,No,"-87,828.26","5,416.79","45,883.37",0.24,Below Target
India,North,Punjab Cluster,Chandigarh,CH001,Chandigarh Sector 17,Neha Kapoor,EMP0025,Employee 025,Sales Officer,Apr-2026,Loans,Retail Lending,Home Loan,4,4,"8,222,159.05","8,975,118.95",109.16,12,1,8.33,151,49,"2,243,779.74","718,009.52","57,769.77",97.81,No,"752,959.90","59,437.87","183,165.69",0.08,Achieved
India,North,Punjab Cluster,Chandigarh,CH001,Chandigarh Sector 17,Neha Kapoor,EMP0025,Employee 025,Sales Officer,May-2026,Cards,Cards,Credit Card,19,17,"852,082.55","701,138.93",82.29,85,23,27.06,151,28,"41,243.47","84,136.67","8,290.54",84.85,No,"-150,943.62","4,643.30","25,040.68",0.27,Below Target
India,North,Punjab Cluster,Chandigarh,CH001,Chandigarh Sector 17,Neha Kapoor,EMP0025,Employee 025,Sales Officer,Jun-2026,Insurance,Insurance,General Insurance,9,7,"464,360.08","353,063.42",76.03,42,12,28.57,121,17,"50,437.63","49,428.88","4,802.90",100.00,No,"-111,296.66","2,917.88","20,768.44",0.29,Below Target
India,North,Punjab Cluster,Chandigarh,CH001,Chandigarh Sector 17,Neha Kapoor,EMP0026,Employee 026,Relationship Manager,Jan-2026,CASA,Accounts,Current Account,11,12,"2,358,862.10","2,661,560.06",112.83,48,8,16.67,132,20,"221,796.67","266,156.01","10,651.55",88.38,No,"302,697.96","20,163.33","133,078.00",0.17,Achieved
India,North,Punjab Cluster,Chandigarh,CH001,Chandigarh Sector 17,Neha Kapoor,EMP0026,Employee 026,Relationship Manager,Feb-2026,CASA,Accounts,Current Account,10,7,"2,710,571.19","2,039,090.89",75.23,28,6,21.43,119,45,"291,298.70","203,909.09","16,659.80",90.92,Yes,"-671,480.29","17,135.22","45,313.13",0.21,Below Target
India,North,Punjab Cluster,Chandigarh,CH001,Chandigarh Sector 17,Neha Kapoor,EMP0026,Employee 026,Relationship Manager,Mar-2026,Loans,Retail Lending,Personal Loan,9,7,"4,758,684.38","4,007,493.02",84.21,42,14,33.33,86,43,"572,499.00","440,824.23","34,134.67",93.98,No,"-751,191.35","46,598.76","93,197.51",0.33,Below Target
India,North,Punjab Cluster,Chandigarh,CH001,Chandigarh Sector 17,Neha Kapoor,EMP0026,Employee 026,Relationship Manager,Apr-2026,Cards,Cards,Debit Card,29,35,"366,177.96","433,453.87",118.37,175,37,21.14,83,21,"12,384.40","17,338.15","1,456.70",92.71,No,"67,275.91","5,222.34","20,640.66",0.21,Achieved
India,North,Punjab Cluster,Chandigarh,CH001,Chandigarh Sector 17,Neha Kapoor,EMP0026,Employee 026,Relationship Manager,May-2026,Cards,Cards,Debit Card,25,21,"324,780.39","292,441.15",90.04,84,13,15.48,74,15,"13,925.77","11,697.65",694.96,69.86,No,"-32,339.24","3,951.91","19,496.08",0.15,Below Target
India,North,Punjab Cluster,Chandigarh,CH001,Chandigarh Sector 17,Neha Kapoor,EMP0026,Employee 026,Relationship Manager,Jun-2026,Loans,Retail Lending,Auto Loan,5,4,"1,670,123.26","1,618,823.95",96.93,24,3,12.50,95,18,"404,705.99","145,694.16","13,386.32",84.95,No,"-51,299.31","17,040.25","89,934.66",0.12,Below Target
India,North,Punjab Cluster,Chandigarh,CH001,Chandigarh Sector 17,Neha Kapoor,EMP0027,Employee 027,Relationship Manager,Jan-2026,Loans,Retail Lending,Personal Loan,9,5,"4,884,772.33","3,461,088.73",70.85,15,2,13.33,78,15,"692,217.75","380,719.76","33,706.27",76.71,No,"-1,423,683.60","44,372.93","230,739.25",0.13,Below Target
India,North,Punjab Cluster,Chandigarh,CH001,Chandigarh Sector 17,Neha Kapoor,EMP0027,Employee 027,Relationship Manager,Feb-2026,CASA,Accounts,Savings Account,36,35,"1,257,367.41","1,326,764.78",105.52,210,36,17.14,86,37,"37,907.57","106,141.18","7,547.11",94.45,No,"69,397.37","15,427.50","35,858.51",0.17,Achieved
India,North,Punjab Cluster,Chandigarh,CH001,Chandigarh Sector 17,Neha Kapoor,EMP0027,Employee 027,Relationship Manager,Mar-2026,Investments,Investments,Mutual Fund,6,9,"1,575,787.69","2,471,447.49",156.84,27,8,29.63,168,38,"274,605.28","247,144.75","10,413.26",88.96,No,"895,659.80","14,711.00","65,038.09",0.30,Achieved
India,North,Punjab Cluster,Chandigarh,CH001,Chandigarh Sector 17,Neha Kapoor,EMP0027,Employee 027,Relationship Manager,Apr-2026,Insurance,Insurance,Life Insurance,6,3,"757,677.24","518,723.43",68.46,18,3,16.67,127,19,"172,907.81","93,370.22","6,813.87",81.20,No,"-238,953.81","4,084.44","27,301.23",0.17,Below Target
India,North,Punjab Cluster,Chandigarh,CH001,Chandigarh Sector 17,Neha Kapoor,EMP0027,Employee 027,Relationship Manager,May-2026,Insurance,Insurance,Life Insurance,7,8,"675,207.32","793,700.74",117.55,24,4,16.67,137,28,"99,212.59","142,866.13","6,308.29",82.70,Yes,"118,493.41","5,793.44","28,346.45",0.17,Achieved
India,North,Punjab Cluster,Chandigarh,CH001,Chandigarh Sector 17,Neha Kapoor,EMP0027,Employee 027,Relationship Manager,Jun-2026,Cards,Cards,Debit Card,34,28,"360,697.57","307,658.05",85.30,140,33,23.57,101,48,"10,987.79","12,306.32",586.84,94.49,No,"-53,039.51","3,046.12","6,409.54",0.24,Below Target
India,North,Punjab Cluster,Chandigarh,CH001,Chandigarh Sector 17,Neha Kapoor,EMP0028,Employee 028,Senior Sales Officer,Jan-2026,Cards,Cards,Debit Card,30,28,"338,308.54","296,735.34",87.71,168,29,17.26,154,46,"10,597.69","11,869.41",828.04,82.55,No,"-41,573.20","1,926.85","6,450.77",0.17,Below Target
India,North,Punjab Cluster,Chandigarh,CH001,Chandigarh Sector 17,Neha Kapoor,EMP0028,Employee 028,Senior Sales Officer,Feb-2026,Loans,Retail Lending,Auto Loan,6,7,"1,766,326.88","2,326,124.34",131.69,28,7,25.00,90,22,"332,303.48","209,351.19","17,772.14",83.92,No,"559,797.45","25,845.83","105,732.92",0.25,Achieved
India,North,Punjab Cluster,Chandigarh,CH001,Chandigarh Sector 17,Neha Kapoor,EMP0028,Employee 028,Senior Sales Officer,Mar-2026,Cards,Cards,Debit Card,30,22,"400,890.32","322,740.43",80.51,66,18,27.27,71,43,"14,670.02","12,909.62","1,047.20",91.52,No,"-78,149.89","4,545.64","7,505.59",0.27,Below Target
India,North,Punjab Cluster,Chandigarh,CH001,Chandigarh Sector 17,Neha Kapoor,EMP0028,Employee 028,Senior Sales Officer,Apr-2026,CASA,Accounts,Current Account,13,13,"2,674,601.16","2,717,746.54",101.61,39,11,28.21,72,33,"209,057.43","271,774.65","13,342.55",77.56,No,"43,145.38","37,746.48","82,355.96",0.28,Achieved
India,North,Punjab Cluster,Chandigarh,CH001,Chandigarh Sector 17,Neha Kapoor,EMP0028,Employee 028,Senior Sales Officer,May-2026,Investments,Investments,Mutual Fund,7,9,"1,779,241.04","2,122,034.00",119.27,27,7,25.93,72,15,"235,781.56","212,203.40","12,026.44",92.71,No,"342,792.97","29,472.69","141,468.93",0.26,Achieved
India,North,Punjab Cluster,Chandigarh,CH001,Chandigarh Sector 17,Neha Kapoor,EMP0028,Employee 028,Senior Sales Officer,Jun-2026,Investments,Investments,Fixed Deposit,16,10,"3,283,606.55","2,272,831.31",69.22,40,8,20.00,82,23,"227,283.13","159,098.19","11,654.51",95.55,No,"-1,010,775.24","27,717.45","98,818.75",0.20,Below Target
India,North,Punjab Cluster,Chandigarh,CH001,Chandigarh Sector 17,Neha Kapoor,EMP0029,Employee 029,Relationship Manager,Jan-2026,Cards,Cards,Credit Card,18,21,"969,191.46","1,249,562.12",128.93,84,27,32.14,170,18,"59,502.96","149,947.45","9,465.07",93.58,No,"280,370.66","7,350.37","69,420.12",0.32,Achieved
India,North,Punjab Cluster,Chandigarh,CH001,Chandigarh Sector 17,Neha Kapoor,EMP0029,Employee 029,Relationship Manager,Feb-2026,Investments,Investments,Fixed Deposit,14,14,"2,921,359.66","3,206,170.11",109.75,42,5,11.90,115,18,"229,012.15","224,431.91","11,418.91",94.53,No,"284,810.46","27,879.74","178,120.56",0.12,Achieved
India,North,Punjab Cluster,Chandigarh,CH001,Chandigarh Sector 17,Neha Kapoor,EMP0029,Employee 029,Relationship Manager,Mar-2026,CASA,Accounts,Savings Account,36,31,"1,043,347.29","913,789.89",87.58,155,43,27.74,93,48,"29,477.09","73,103.19","5,553.07",100.00,No,"-129,557.40","9,825.70","19,037.29",0.28,Below Target
India,North,Punjab Cluster,Chandigarh,CH001,Chandigarh Sector 17,Neha Kapoor,EMP0029,Employee 029,Relationship Manager,Apr-2026,Investments,Investments,Mutual Fund,6,5,"1,561,617.50","1,507,187.85",96.51,20,6,30.00,100,33,"301,437.57","150,718.78","10,009.53",97.19,No,"-54,429.65","15,071.88","45,672.36",0.30,Below Target
India,North,Punjab Cluster,Chandigarh,CH001,Chandigarh Sector 17,Neha Kapoor,EMP0029,Employee 029,Relationship Manager,May-2026,Cards,Cards,Debit Card,28,21,"304,066.93","251,657.40",82.76,105,36,34.29,114,47,"11,983.69","10,066.30",657.08,93.48,No,"-52,409.54","2,207.52","5,354.41",0.34,Below Target
India,North,Punjab Cluster,Chandigarh,CH001,Chandigarh Sector 17,Neha Kapoor,EMP0029,Employee 029,Relationship Manager,Jun-2026,Investments,Investments,Recurring Deposit,20,24,"637,616.64","783,260.82",122.84,96,18,18.75,146,44,"32,635.87","46,995.65","4,224.99",94.13,No,"145,644.18","5,364.80","17,801.38",0.19,Achieved
India,North,Punjab Cluster,Chandigarh,CH001,Chandigarh Sector 17,Neha Kapoor,EMP0030,Employee 030,Sales Officer,Jan-2026,Loans,Retail Lending,Personal Loan,11,13,"4,076,236.91","5,439,333.11",133.44,52,17,32.69,169,20,"418,410.24","598,326.64","46,591.84",86.64,No,"1,363,096.19","32,185.40","271,966.66",0.33,Achieved
India,North,Punjab Cluster,Chandigarh,CH001,Chandigarh Sector 17,Neha Kapoor,EMP0030,Employee 030,Sales Officer,Feb-2026,Cards,Cards,Debit Card,32,9,"377,878.85","99,355.51",26.29,54,8,14.81,126,45,"11,039.50","3,974.22",378.97,86.87,No,"-278,523.35",788.54,"2,207.90",0.15,Below Target
India,North,Punjab Cluster,Chandigarh,CH001,Chandigarh Sector 17,Neha Kapoor,EMP0030,Employee 030,Sales Officer,Mar-2026,Loans,Retail Lending,Auto Loan,5,3,"1,795,002.20","1,288,887.45",71.80,18,3,16.67,164,39,"429,629.15","115,999.87","10,045.89",81.75,No,"-506,114.75","7,859.07","33,048.40",0.17,Below Target
India,North,Punjab Cluster,Chandigarh,CH001,Chandigarh Sector 17,Neha Kapoor,EMP0030,Employee 030,Sales Officer,Apr-2026,Loans,Retail Lending,Home Loan,3,1,"9,519,575.03","3,391,494.85",35.63,6,1,16.67,157,29,"3,391,494.85","271,319.59","25,213.22",94.19,No,"-6,128,080.18","21,601.88","116,948.10",0.17,Below Target
India,North,Punjab Cluster,Chandigarh,CH001,Chandigarh Sector 17,Neha Kapoor,EMP0030,Employee 030,Sales Officer,May-2026,Investments,Investments,Fixed Deposit,16,9,"3,433,167.38","1,990,176.90",57.97,45,12,26.67,106,38,"221,130.77","139,312.38","8,399.95",84.30,No,"-1,442,990.48","18,775.25","52,373.08",0.27,Below Target
India,North,Punjab Cluster,Chandigarh,CH001,Chandigarh Sector 17,Neha Kapoor,EMP0030,Employee 030,Sales Officer,Jun-2026,Loans,Retail Lending,Auto Loan,5,2,"1,432,598.48","807,216.09",56.35,8,1,12.50,155,47,"403,608.05","72,649.45","5,187.42",96.15,No,"-625,382.38","5,207.85","17,174.81",0.12,Below Target
India,North,Punjab Cluster,Chandigarh,CH001,Chandigarh Sector 17,Neha Kapoor,EMP0031,Employee 031,Senior Sales Officer,Jan-2026,Investments,Investments,Fixed Deposit,15,20,"3,101,610.14","3,986,088.79",128.52,80,18,22.50,154,19,"199,304.44","279,026.22","26,993.52",89.47,No,"884,478.65","25,883.69","209,794.15",0.22,Achieved
India,North,Punjab Cluster,Chandigarh,CH001,Chandigarh Sector 17,Neha Kapoor,EMP0031,Employee 031,Senior Sales Officer,Feb-2026,CASA,Accounts,Current Account,11,15,"2,715,227.60","3,526,732.08",129.89,75,16,21.33,133,46,"235,115.47","352,673.21","19,579.45",86.17,No,"811,504.47","26,516.78","76,668.09",0.21,Achieved
India,North,Punjab Cluster,Chandigarh,CH001,Chandigarh Sector 17,Neha Kapoor,EMP0031,Employee 031,Senior Sales Officer,Mar-2026,Loans,Retail Lending,Home Loan,3,3,"9,463,466.70","10,494,152.93",110.89,18,3,16.67,174,42,"3,498,050.98","839,532.23","72,469.05",99.37,No,"1,030,686.23","60,311.22","249,860.78",0.17,Achieved
India,North,Punjab Cluster,Chandigarh,CH001,Chandigarh Sector 17,Neha Kapoor,EMP0031,Employee 031,Senior Sales Officer,Apr-2026,Insurance,Insurance,General Insurance,9,8,"435,248.33","430,263.42",98.85,40,10,25.00,158,33,"53,782.93","60,236.88","4,003.60",83.12,No,"-4,984.91","2,723.19","13,038.29",0.25,Below Target
India,North,Punjab Cluster,Chandigarh,CH001,Chandigarh Sector 17,Neha Kapoor,EMP0031,Employee 031,Senior Sales Officer,May-2026,Investments,Investments,Mutual Fund,8,4,"1,841,900.42","1,025,763.38",55.69,20,5,25.00,84,32,"256,440.85","102,576.34","5,075.20",89.40,No,"-816,137.03","12,211.47","32,055.11",0.25,Below Target
India,North,Punjab Cluster,Chandigarh,CH001,Chandigarh Sector 17,Neha Kapoor,EMP0031,Employee 031,Senior Sales Officer,Jun-2026,Investments,Investments,Mutual Fund,7,7,"2,014,480.62","2,059,801.29",102.25,28,4,14.29,70,22,"294,257.33","205,980.13","19,287.85",80.17,No,"45,320.67","29,425.73","93,627.33",0.14,Achieved
India,North,Punjab Cluster,Chandigarh,CH001,Chandigarh Sector 17,Neha Kapoor,EMP0032,Employee 032,Sales Officer,Jan-2026,Loans,Retail Lending,Home Loan,4,3,"8,462,665.41","6,142,833.84",72.59,12,3,25.00,73,42,"2,047,611.28","491,426.71","45,661.24",96.00,No,"-2,319,831.57","84,148.41","146,257.95",0.25,Below Target
India,North,Punjab Cluster,Chandigarh,CH001,Chandigarh Sector 17,Neha Kapoor,EMP0032,Employee 032,Sales Officer,Feb-2026,Cards,Cards,Debit Card,26,28,"300,583.24","351,189.21",116.84,112,15,13.39,74,49,"12,542.47","14,047.57",719.86,82.59,No,"50,605.97","4,745.80","7,167.13",0.13,Achieved
India,North,Punjab Cluster,Chandigarh,CH001,Chandigarh Sector 17,Neha Kapoor,EMP0032,Employee 032,Sales Officer,Mar-2026,Loans,Retail Lending,Home Loan,3,3,"7,873,521.05","8,955,699.68",113.74,18,3,16.67,159,35,"2,985,233.23","716,455.97","33,513.37",93.12,No,"1,082,178.63","56,325.16","255,877.13",0.17,Achieved
India,North,Punjab Cluster,Chandigarh,CH001,Chandigarh Sector 17,Neha Kapoor,EMP0032,Employee 032,Sales Officer,Apr-2026,CASA,Accounts,Savings Account,33,28,"1,182,126.35","1,065,581.92",90.14,84,18,21.43,91,31,"38,056.50","85,246.55","7,713.69",85.13,No,"-116,544.43","11,709.69","34,373.61",0.21,Below Target
India,North,Punjab Cluster,Chandigarh,CH001,Chandigarh Sector 17,Neha Kapoor,EMP0032,Employee 032,Sales Officer,May-2026,Investments,Investments,Recurring Deposit,18,13,"663,271.84","532,554.73",80.29,78,21,26.92,139,23,"40,965.75","31,953.28","2,534.44",90.27,Yes,"-130,717.11","3,831.33","23,154.55",0.27,Below Target
India,North,Punjab Cluster,Chandigarh,CH001,Chandigarh Sector 17,Neha Kapoor,EMP0032,Employee 032,Sales Officer,Jun-2026,Cards,Cards,Debit Card,31,37,"351,328.75","411,196.87",117.04,185,25,13.51,126,28,"11,113.43","16,447.87","1,549.66",78.58,No,"59,868.12","3,263.47","14,685.60",0.14,Achieved
India,North,Punjab Cluster,Punjab,PB001,Ludhiana Main,Vikas Arora,EMP0033,Employee 033,Relationship Manager,Jan-2026,Investments,Investments,Mutual Fund,8,5,"1,892,195.45","1,334,759.74",70.54,25,5,20.00,115,28,"266,951.95","133,475.97","12,262.95",93.84,No,"-557,435.71","11,606.61","47,669.99",0.20,Below Target
India,North,Punjab Cluster,Punjab,PB001,Ludhiana Main,Vikas Arora,EMP0033,Employee 033,Relationship Manager,Feb-2026,Loans,Retail Lending,Personal Loan,9,11,"3,849,300.12","5,027,369.21",130.60,44,14,31.82,156,36,"457,033.56","553,010.61","50,600.75",85.36,No,"1,178,069.09","32,226.73","139,649.14",0.32,Achieved
India,North,Punjab Cluster,Punjab,PB001,Ludhiana Main,Vikas Arora,EMP0033,Employee 033,Relationship Manager,Mar-2026,Loans,Retail Lending,Personal Loan,11,12,"5,150,428.24","5,988,752.01",116.28,36,6,16.67,88,28,"499,062.67","658,762.72","34,984.64",94.19,No,"838,323.77","68,054.00","213,884.00",0.17,Achieved
India,North,Punjab Cluster,Punjab,PB001,Ludhiana Main,Vikas Arora,EMP0033,Employee 033,Relationship Manager,Apr-2026,Loans,Retail Lending,Home Loan,3,2,"8,420,358.31","7,633,956.46",90.66,10,1,10.00,174,28,"3,816,978.23","610,716.52","51,661.48",85.55,No,"-786,401.86","43,873.31","272,641.30",0.10,Below Target
India,North,Punjab Cluster,Punjab,PB001,Ludhiana Main,Vikas Arora,EMP0033,Employee 033,Relationship Manager,May-2026,Loans,Retail Lending,Home Loan,4,2,"8,821,749.24","6,218,109.33",70.49,8,2,25.00,99,26,"3,109,054.67","497,448.75","37,292.94",79.09,Yes,"-2,603,639.90","62,809.19","239,158.05",0.25,Below Target
India,North,Punjab Cluster,Punjab,PB001,Ludhiana Main,Vikas Arora,EMP0033,Employee 033,Relationship Manager,Jun-2026,CASA,Accounts,Current Account,11,16,"2,290,168.98","3,347,687.66",146.18,48,6,12.50,130,23,"209,230.48","334,768.77","26,832.39",94.02,No,"1,057,518.69","25,751.44","145,551.64",0.12,Achieved
India,North,Punjab Cluster,Punjab,PB001,Ludhiana Main,Vikas Arora,EMP0034,Employee 034,Senior Sales Officer,Jan-2026,CASA,Accounts,Savings Account,33,23,"1,079,336.88","725,816.38",67.25,69,18,26.09,89,43,"31,557.23","58,065.31","4,550.95",87.23,No,"-353,520.51","8,155.24","16,879.45",0.26,Below Target
India,North,Punjab Cluster,Punjab,PB001,Ludhiana Main,Vikas Arora,EMP0034,Employee 034,Senior Sales Officer,Feb-2026,Investments,Investments,Mutual Fund,7,6,"1,882,201.10","1,925,581.41",102.30,24,5,20.83,174,15,"320,930.24","192,558.14","10,809.74",82.10,No,"43,380.31","11,066.56","128,372.09",0.21,Achieved
India,North,Punjab Cluster,Punjab,PB001,Ludhiana Main,Vikas Arora,EMP0034,Employee 034,Senior Sales Officer,Mar-2026,Cards,Cards,Credit Card,17,13,"777,325.16","587,464.07",75.58,78,17,21.79,126,43,"45,189.54","70,495.69","4,820.37",78.76,No,"-189,861.09","4,662.41","13,661.96",0.22,Below Target
India,North,Punjab Cluster,Punjab,PB001,Ludhiana Main,Vikas Arora,EMP0034,Employee 034,Senior Sales Officer,Apr-2026,Loans,Retail Lending,Personal Loan,10,6,"4,549,960.11","3,303,429.95",72.60,18,3,16.67,112,34,"550,571.66","363,377.29","16,890.34",69.58,No,"-1,246,530.16","29,494.91","97,159.70",0.17,Below Target
India,North,Punjab Cluster,Punjab,PB001,Ludhiana Main,Vikas Arora,EMP0034,Employee 034,Senior Sales Officer,May-2026,Loans,Retail Lending,Auto Loan,5,3,"1,381,306.13","841,218.53",60.90,18,2,11.11,110,31,"280,406.18","75,709.67","3,545.51",85.78,No,"-540,087.60","7,647.44","27,136.08",0.11,Below Target
India,North,Punjab Cluster,Punjab,PB001,Ludhiana Main,Vikas Arora,EMP0034,Employee 034,Senior Sales Officer,Jun-2026,Cards,Cards,Debit Card,31,27,"302,209.62","266,620.93",88.22,135,24,17.78,70,33,"9,874.85","10,664.84",689.60,88.49,Yes,"-35,588.69","3,808.87","8,079.42",0.18,Below Target
India,North,Punjab Cluster,Punjab,PB001,Ludhiana Main,Vikas Arora,EMP0035,Employee 035,Relationship Manager,Jan-2026,Investments,Investments,Mutual Fund,8,5,"2,045,177.89","1,495,984.59",73.15,15,3,20.00,156,44,"299,196.92","149,598.46","8,296.20",95.20,No,"-549,193.30","9,589.64","33,999.65",0.20,Below Target
India,North,Punjab Cluster,Punjab,PB001,Ludhiana Main,Vikas Arora,EMP0035,Employee 035,Relationship Manager,Feb-2026,Loans,Retail Lending,Home Loan,3,2,"8,388,403.10","6,722,264.09",80.14,10,2,20.00,109,34,"3,361,132.04","537,781.13","50,561.79",90.40,No,"-1,666,139.01","61,672.15","197,713.65",0.20,Below Target
India,North,Punjab Cluster,Punjab,PB001,Ludhiana Main,Vikas Arora,EMP0035,Employee 035,Relationship Manager,Mar-2026,Loans,Retail Lending,Personal Loan,10,11,"4,741,204.44","5,200,298.57",109.68,55,14,25.45,83,32,"472,754.42","572,032.84","27,647.65",86.82,No,"459,094.13","62,654.20","162,509.33",0.25,Achieved
India,North,Punjab Cluster,Punjab,PB001,Ludhiana Main,Vikas Arora,EMP0035,Employee 035,Relationship Manager,Apr-2026,Cards,Cards,Debit Card,26,28,"392,257.60","392,415.48",100.04,168,58,34.52,71,31,"14,014.84","15,696.62","1,282.30",92.46,No,157.88,"5,526.98","12,658.56",0.35,Achieved
India,North,Punjab Cluster,Punjab,PB001,Ludhiana Main,Vikas Arora,EMP0035,Employee 035,Relationship Manager,May-2026,Investments,Investments,Recurring Deposit,15,25,"620,830.69","1,048,650.39",168.91,125,28,22.40,93,42,"41,946.02","62,919.02","3,979.22",84.60,No,"427,819.70","11,275.81","24,967.87",0.22,Achieved
India,North,Punjab Cluster,Punjab,PB001,Ludhiana Main,Vikas Arora,EMP0035,Employee 035,Relationship Manager,Jun-2026,Loans,Retail Lending,Home Loan,3,2,"9,236,912.16","6,411,086.50",69.41,8,1,12.50,136,42,"3,205,543.25","512,886.92","38,341.36",94.43,No,"-2,825,825.65","47,140.34","152,644.92",0.12,Below Target
India,North,Punjab Cluster,Punjab,PB001,Ludhiana Main,Vikas Arora,EMP0036,Employee 036,Sales Officer,Jan-2026,Investments,Investments,Recurring Deposit,18,9,"743,173.03","417,272.51",56.15,45,10,22.22,97,21,"46,363.61","25,036.35","1,215.66",96.20,No,"-325,900.52","4,301.78","19,870.12",0.22,Below Target
India,North,Punjab Cluster,Punjab,PB001,Ludhiana Main,Vikas Arora,EMP0036,Employee 036,Sales Officer,Feb-2026,CASA,Accounts,Savings Account,35,33,"1,156,407.70","1,002,068.34",86.65,165,22,13.33,80,19,"30,365.71","80,165.47","5,761.10",91.01,No,"-154,339.36","12,525.85","52,740.44",0.13,Below Target
India,North,Punjab Cluster,Punjab,PB001,Ludhiana Main,Vikas Arora,EMP0036,Employee 036,Sales Officer,Mar-2026,Insurance,Insurance,Life Insurance,7,6,"624,516.12","618,605.41",99.05,36,12,33.33,136,25,"103,100.90","111,348.97","5,361.16",89.96,No,"-5,910.72","4,548.57","24,744.22",0.33,Below Target
India,North,Punjab Cluster,Punjab,PB001,Ludhiana Main,Vikas Arora,EMP0036,Employee 036,Sales Officer,Apr-2026,Cards,Cards,Credit Card,17,16,"849,565.69","760,277.64",89.49,48,8,16.67,170,49,"47,517.35","91,233.32","8,512.45",93.15,No,"-89,288.05","4,472.22","15,515.87",0.17,Below Target
India,North,Punjab Cluster,Punjab,PB001,Ludhiana Main,Vikas Arora,EMP0036,Employee 036,Sales Officer,May-2026,Investments,Investments,Mutual Fund,8,6,"1,611,855.52","1,145,856.51",71.09,36,7,19.44,137,19,"190,976.08","114,585.65","5,643.19",88.66,No,"-465,999.01","8,363.92","60,308.24",0.19,Below Target
India,North,Punjab Cluster,Punjab,PB001,Ludhiana Main,Vikas Arora,EMP0036,Employee 036,Sales Officer,Jun-2026,CASA,Accounts,Current Account,13,11,"2,392,139.24","2,219,586.32",92.79,33,5,15.15,154,35,"201,780.57","221,958.63","21,748.63",83.26,No,"-172,552.92","14,412.90","63,416.75",0.15,Below Target
India,North,Punjab Cluster,Punjab,PB001,Ludhiana Main,Vikas Arora,EMP0037,Employee 037,Sales Officer,Jan-2026,Investments,Investments,Mutual Fund,7,7,"1,952,489.70","2,209,867.73",113.18,28,7,25.00,93,33,"315,695.39","220,986.77","11,508.71",85.49,No,"257,378.03","23,762.02","66,965.69",0.25,Achieved
India,North,Punjab Cluster,Punjab,PB001,Ludhiana Main,Vikas Arora,EMP0037,Employee 037,Sales Officer,Feb-2026,Investments,Investments,Mutual Fund,8,8,"1,601,481.08","1,816,855.55",113.45,32,9,28.12,114,26,"227,106.94","181,685.55","7,681.46",93.33,No,"215,374.46","15,937.33","69,879.06",0.28,Achieved
India,North,Punjab Cluster,Punjab,PB001,Ludhiana Main,Vikas Arora,EMP0037,Employee 037,Sales Officer,Mar-2026,Cards,Cards,Debit Card,27,28,"389,594.51","452,734.28",116.21,84,28,33.33,95,46,"16,169.08","18,109.37","1,258.89",85.60,No,"63,139.77","4,765.62","9,842.05",0.33,Achieved
India,North,Punjab Cluster,Punjab,PB001,Ludhiana Main,Vikas Arora,EMP0037,Employee 037,Sales Officer,Apr-2026,Loans,Retail Lending,Home Loan,4,3,"8,210,678.29","6,365,832.40",77.53,9,1,11.11,150,28,"2,121,944.13","509,266.59","34,303.56",83.42,No,"-1,844,845.90","42,438.88","227,351.16",0.11,Below Target
India,North,Punjab Cluster,Punjab,PB001,Ludhiana Main,Vikas Arora,EMP0037,Employee 037,Sales Officer,May-2026,Loans,Retail Lending,Home Loan,4,3,"7,376,652.50","6,466,522.12",87.66,9,2,22.22,165,22,"2,155,507.37","517,321.77","22,631.51",97.73,No,"-910,130.38","39,191.04","293,932.82",0.22,Below Target
India,North,Punjab Cluster,Punjab,PB001,Ludhiana Main,Vikas Arora,EMP0037,Employee 037,Sales Officer,Jun-2026,Investments,Investments,Recurring Deposit,19,22,"790,144.05","845,312.22",106.98,110,30,27.27,111,35,"38,423.28","50,718.73","3,120.37",81.96,No,"55,168.17","7,615.43","24,151.78",0.27,Achieved
India,North,Punjab Cluster,Punjab,PB001,Ludhiana Main,Vikas Arora,EMP0038,Employee 038,Sales Officer,Jan-2026,Insurance,Insurance,Life Insurance,8,10,"637,136.71","953,442.79",149.64,60,11,18.33,76,17,"95,344.28","171,619.70","14,462.76",88.99,No,"316,306.07","12,545.30","56,084.87",0.18,Achieved
India,North,Punjab Cluster,Punjab,PB001,Ludhiana Main,Vikas Arora,EMP0038,Employee 038,Sales Officer,Feb-2026,CASA,Accounts,Savings Account,37,38,"1,057,585.49","1,083,025.49",102.41,152,20,13.16,73,44,"28,500.67","86,642.04","3,593.04",89.02,No,"25,440.01","14,835.97","24,614.22",0.13,Achieved
India,North,Punjab Cluster,Punjab,PB001,Ludhiana Main,Vikas Arora,EMP0038,Employee 038,Sales Officer,Mar-2026,Insurance,Insurance,Life Insurance,7,7,"610,186.46","683,500.28",112.01,35,11,31.43,135,31,"97,642.90","123,030.05","8,616.71",87.06,No,"73,313.82","5,062.97","22,048.40",0.31,Achieved
India,North,Punjab Cluster,Punjab,PB001,Ludhiana Main,Vikas Arora,EMP0038,Employee 038,Sales Officer,Apr-2026,Cards,Cards,Credit Card,16,9,"840,871.21","533,459.84",63.44,36,5,13.89,124,41,"59,273.32","64,015.18","2,645.21",82.66,No,"-307,411.38","4,302.10","13,011.22",0.14,Below Target
India,North,Punjab Cluster,Punjab,PB001,Ludhiana Main,Vikas Arora,EMP0038,Employee 038,Sales Officer,May-2026,Cards,Cards,Debit Card,34,39,"360,866.78","406,299.88",112.59,117,34,29.06,100,31,"10,417.95","16,252.00","1,351.96",79.33,No,"45,433.11","4,063.00","13,106.45",0.29,Achieved
India,North,Punjab Cluster,Punjab,PB001,Ludhiana Main,Vikas Arora,EMP0038,Employee 038,Sales Officer,Jun-2026,Investments,Investments,Fixed Deposit,13,18,"3,164,355.50","4,351,879.22",137.53,108,18,16.67,122,38,"241,771.07","304,631.55","17,485.30",96.67,No,"1,187,523.72","35,671.14","114,523.14",0.17,Achieved
India,North,Punjab Cluster,Punjab,PB001,Ludhiana Main,Vikas Arora,EMP0039,Employee 039,Sales Officer,Jan-2026,Investments,Investments,Recurring Deposit,17,13,"654,697.56","494,683.84",75.56,52,14,26.92,174,26,"38,052.60","29,681.03","1,903.94",94.23,No,"-160,013.72","2,843.01","19,026.30",0.27,Below Target
India,North,Punjab Cluster,Punjab,PB001,Ludhiana Main,Vikas Arora,EMP0039,Employee 039,Sales Officer,Feb-2026,CASA,Accounts,Savings Account,32,26,"1,274,511.54","980,969.08",76.97,104,23,22.12,75,19,"37,729.58","78,477.53","7,567.35",88.11,No,"-293,542.46","13,079.59","51,629.95",0.22,Below Target
India,North,Punjab Cluster,Punjab,PB001,Ludhiana Main,Vikas Arora,EMP0039,Employee 039,Sales Officer,Mar-2026,Investments,Investments,Mutual Fund,7,6,"1,985,064.43","1,780,549.80",89.70,36,11,30.56,120,27,"296,758.30","178,054.98","11,634.66",82.56,No,"-204,514.63","14,837.91","65,946.29",0.31,Below Target
India,North,Punjab Cluster,Punjab,PB001,Ludhiana Main,Vikas Arora,EMP0039,Employee 039,Sales Officer,Apr-2026,Insurance,Insurance,Life Insurance,6,5,"727,869.49","745,131.94",102.37,20,3,15.00,154,35,"149,026.39","134,123.75","12,410.56",100.00,No,"17,262.44","4,838.52","21,289.48",0.15,Achieved
India,North,Punjab Cluster,Punjab,PB001,Ludhiana Main,Vikas Arora,EMP0039,Employee 039,Sales Officer,May-2026,Insurance,Insurance,Life Insurance,6,4,"759,183.01","574,987.32",75.74,16,2,12.50,117,42,"143,746.83","103,497.72","9,516.53",95.41,No,"-184,195.69","4,914.42","13,690.17",0.12,Below Target
India,North,Punjab Cluster,Punjab,PB001,Ludhiana Main,Vikas Arora,EMP0039,Employee 039,Sales Officer,Jun-2026,CASA,Accounts,Current Account,10,13,"2,769,217.51","3,419,792.48",123.49,39,12,30.77,100,16,"263,060.96","341,979.25","18,029.02",92.42,No,"650,574.97","34,197.92","213,737.03",0.31,Achieved
India,North,Punjab Cluster,Punjab,PB001,Ludhiana Main,Vikas Arora,EMP0040,Employee 040,Sales Officer,Jan-2026,Insurance,Insurance,Life Insurance,7,9,"602,547.12","759,361.81",126.03,54,14,25.93,87,17,"84,373.53","136,685.13","8,055.90",92.01,No,"156,814.69","8,728.30","44,668.34",0.26,Achieved
India,North,Punjab Cluster,Punjab,PB001,Ludhiana Main,Vikas Arora,EMP0040,Employee 040,Sales Officer,Feb-2026,Loans,Retail Lending,Auto Loan,6,5,"1,400,963.84","1,163,634.18",83.06,15,2,13.33,123,24,"232,726.84","104,727.08","7,606.15",100.00,No,"-237,329.66","9,460.44","48,484.76",0.13,Below Target
India,North,Punjab Cluster,Punjab,PB001,Ludhiana Main,Vikas Arora,EMP0040,Employee 040,Sales Officer,Mar-2026,Investments,Investments,Fixed Deposit,14,13,"2,913,860.77","2,764,332.92",94.87,52,9,17.31,98,39,"212,640.99","193,503.30","18,926.55",81.04,No,"-149,527.86","28,207.48","70,880.33",0.17,Below Target
India,North,Punjab Cluster,Punjab,PB001,Ludhiana Main,Vikas Arora,EMP0040,Employee 040,Sales Officer,Apr-2026,Cards,Cards,Credit Card,16,14,"824,347.44","712,245.26",86.40,84,12,14.29,122,44,"50,874.66","85,469.43","5,304.58",98.96,No,"-112,102.18","5,838.08","16,187.39",0.14,Below Target
India,North,Punjab Cluster,Punjab,PB001,Ludhiana Main,Vikas Arora,EMP0040,Employee 040,Sales Officer,May-2026,Cards,Cards,Debit Card,28,28,"336,532.63","310,685.33",92.32,140,38,27.14,146,21,"11,095.90","12,427.41","1,152.71",98.84,No,"-25,847.29","2,127.98","14,794.54",0.27,Below Target
India,North,Punjab Cluster,Punjab,PB001,Ludhiana Main,Vikas Arora,EMP0040,Employee 040,Sales Officer,Jun-2026,Investments,Investments,Recurring Deposit,16,17,"638,489.93","649,226.62",101.68,102,13,12.75,174,43,"38,189.80","38,953.60","2,134.51",96.07,No,"10,736.69","3,731.19","15,098.29",0.13,Achieved
India,West,Mumbai Metro Cluster,Maharashtra,MH001,Mumbai Andheri,Karan Shah,EMP0041,Employee 041,Relationship Manager,Jan-2026,Cards,Cards,Debit Card,34,41,"322,611.67","393,497.12",121.97,246,60,24.39,84,46,"9,597.49","15,739.88",701.00,100.00,No,"70,885.45","4,684.49","8,554.29",0.24,Achieved
India,West,Mumbai Metro Cluster,Maharashtra,MH001,Mumbai Andheri,Karan Shah,EMP0041,Employee 041,Relationship Manager,Feb-2026,Investments,Investments,Recurring Deposit,20,23,"772,910.83","887,312.16",114.80,115,17,14.78,122,22,"38,578.79","53,238.73","4,160.99",98.14,No,"114,401.33","7,273.05","40,332.37",0.15,Achieved
India,West,Mumbai Metro Cluster,Maharashtra,MH001,Mumbai Andheri,Karan Shah,EMP0041,Employee 041,Relationship Manager,Mar-2026,Investments,Investments,Mutual Fund,9,11,"1,712,163.68","2,291,462.93",133.83,33,10,30.30,174,40,"208,314.81","229,146.29","11,191.09",91.62,No,"579,299.25","13,169.33","57,286.57",0.30,Achieved
India,West,Mumbai Metro Cluster,Maharashtra,MH001,Mumbai Andheri,Karan Shah,EMP0041,Employee 041,Relationship Manager,Apr-2026,Loans,Retail Lending,Home Loan,4,2,"8,128,382.80","5,117,826.94",62.96,8,1,12.50,107,36,"2,558,913.47","409,426.16","35,067.87",82.96,No,"-3,010,555.86","47,830.16","142,161.86",0.12,Below Target
India,West,Mumbai Metro Cluster,Maharashtra,MH001,Mumbai Andheri,Karan Shah,EMP0041,Employee 041,Relationship Manager,May-2026,Loans,Retail Lending,Personal Loan,9,8,"3,892,471.69","3,951,221.83",101.51,48,16,33.33,119,25,"493,902.73","434,634.40","27,604.28",79.38,No,"58,750.14","33,203.54","158,048.87",0.33,Achieved
India,West,Mumbai Metro Cluster,Maharashtra,MH001,Mumbai Andheri,Karan Shah,EMP0041,Employee 041,Relationship Manager,Jun-2026,Insurance,Insurance,General Insurance,9,9,"441,494.44","455,148.51",103.09,45,7,15.56,151,40,"50,572.06","63,720.79","2,603.08",90.32,No,"13,654.06","3,014.23","11,378.71",0.16,Achieved
India,West,Mumbai Metro Cluster,Maharashtra,MH001,Mumbai Andheri,Karan Shah,EMP0042,Employee 042,Relationship Manager,Jan-2026,CASA,Accounts,Current Account,13,10,"2,850,289.51","2,205,800.17",77.39,40,9,22.50,165,44,"220,580.02","220,580.02","17,301.62",99.08,No,"-644,489.34","13,368.49","50,131.82",0.22,Below Target
India,West,Mumbai Metro Cluster,Maharashtra,MH001,Mumbai Andheri,Karan Shah,EMP0042,Employee 042,Relationship Manager,Feb-2026,Investments,Investments,Recurring Deposit,19,20,"759,728.38","797,728.85",105.00,120,20,16.67,112,35,"39,886.44","47,863.73","2,552.31",95.38,No,"38,000.47","7,122.58","22,792.25",0.17,Achieved
India,West,Mumbai Metro Cluster,Maharashtra,MH001,Mumbai Andheri,Karan Shah,EMP0042,Employee 042,Relationship Manager,Mar-2026,CASA,Accounts,Current Account,11,14,"2,309,355.58","3,050,006.41",132.07,84,22,26.19,79,23,"217,857.60","305,000.64","15,014.70",88.46,Yes,"740,650.83","38,607.68","132,608.97",0.26,Achieved
India,West,Mumbai Metro Cluster,Maharashtra,MH001,Mumbai Andheri,Karan Shah,EMP0042,Employee 042,Relationship Manager,Apr-2026,CASA,Accounts,Current Account,11,9,"2,690,698.73","2,442,498.68",90.78,27,5,18.52,159,28,"271,388.74","244,249.87","18,885.98",97.25,Yes,"-248,200.05","15,361.63","87,232.10",0.19,Below Target
India,West,Mumbai Metro Cluster,Maharashtra,MH001,Mumbai Andheri,Karan Shah,EMP0042,Employee 042,Relationship Manager,May-2026,Loans,Retail Lending,Home Loan,4,2,"9,525,702.83","5,531,251.18",58.07,12,1,8.33,79,25,"2,765,625.59","442,500.09","37,659.56",99.27,No,"-3,994,451.65","70,015.84","221,250.05",0.08,Below Target
India,West,Mumbai Metro Cluster,Maharashtra,MH001,Mumbai Andheri,Karan Shah,EMP0042,Employee 042,Relationship Manager,Jun-2026,CASA,Accounts,Savings Account,32,33,"1,362,165.30","1,458,434.14",107.07,165,41,24.85,90,49,"44,194.97","116,674.73","6,951.52",86.67,No,"96,268.84","16,204.82","29,763.96",0.25,Achieved
India,West,Mumbai Metro Cluster,Maharashtra,MH001,Mumbai Andheri,Karan Shah,EMP0043,Employee 043,Sales Officer,Jan-2026,Cards,Cards,Debit Card,32,30,"347,515.25","330,921.79",95.23,180,30,16.67,77,33,"11,030.73","13,236.87","1,001.08",94.45,No,"-16,593.46","4,297.69","10,027.93",0.17,Below Target
India,West,Mumbai Metro Cluster,Maharashtra,MH001,Mumbai Andheri,Karan Shah,EMP0043,Employee 043,Sales Officer,Feb-2026,Insurance,Insurance,General Insurance,11,7,"444,600.32","264,997.23",59.60,35,10,28.57,130,48,"37,856.75","37,099.61","3,206.68",81.48,No,"-179,603.09","2,038.44","5,520.78",0.29,Below Target
India,West,Mumbai Metro Cluster,Maharashtra,MH001,Mumbai Andheri,Karan Shah,EMP0043,Employee 043,Sales Officer,Mar-2026,Loans,Retail Lending,Home Loan,3,1,"7,320,806.28","3,763,041.13",51.40,6,1,16.67,129,20,"3,763,041.13","301,043.29","13,028.57",90.24,Yes,"-3,557,765.15","29,170.86","188,152.06",0.17,Below Target
India,West,Mumbai Metro Cluster,Maharashtra,MH001,Mumbai Andheri,Karan Shah,EMP0043,Employee 043,Sales Officer,Apr-2026,Cards,Cards,Debit Card,25,31,"317,567.46","381,498.31",120.13,155,42,27.10,110,19,"12,306.40","15,259.93","1,305.40",86.86,No,"63,930.84","3,468.17","20,078.86",0.27,Achieved
India,West,Mumbai Metro Cluster,Maharashtra,MH001,Mumbai Andheri,Karan Shah,EMP0043,Employee 043,Sales Officer,May-2026,Loans,Retail Lending,Auto Loan,5,6,"1,538,051.68","2,020,450.70",131.36,24,5,20.83,85,36,"336,741.78","181,840.56","11,563.55",92.06,No,"482,399.01","23,770.01","56,123.63",0.21,Achieved
India,West,Mumbai Metro Cluster,Maharashtra,MH001,Mumbai Andheri,Karan Shah,EMP0043,Employee 043,Sales Officer,Jun-2026,CASA,Accounts,Savings Account,37,25,"1,027,441.69","663,938.43",64.62,100,25,25.00,80,46,"26,557.54","53,115.07","2,259.80",75.40,No,"-363,503.26","8,299.23","14,433.44",0.25,Below Target
India,West,Mumbai Metro Cluster,Maharashtra,MH001,Mumbai Andheri,Karan Shah,EMP0044,Employee 044,Relationship Manager,Jan-2026,Loans,Retail Lending,Home Loan,4,3,"9,215,866.23","7,381,321.15",80.09,15,3,20.00,174,38,"2,460,440.38","590,505.69","29,254.54",90.31,No,"-1,834,545.07","42,421.39","194,245.29",0.20,Below Target
India,West,Mumbai Metro Cluster,Maharashtra,MH001,Mumbai Andheri,Karan Shah,EMP0044,Employee 044,Relationship Manager,Feb-2026,Cards,Cards,Debit Card,31,37,"374,043.01","482,932.43",129.11,111,14,12.61,110,43,"13,052.23","19,317.30",937.47,87.48,No,"108,889.42","4,390.29","11,230.99",0.13,Achieved
India,West,Mumbai Metro Cluster,Maharashtra,MH001,Mumbai Andheri,Karan Shah,EMP0044,Employee 044,Relationship Manager,Mar-2026,Loans,Retail Lending,Home Loan,4,5,"9,640,081.20","12,181,260.22",126.36,25,5,20.00,169,46,"2,436,252.04","974,500.82","61,621.81",94.56,Yes,"2,541,179.02","72,078.46","264,810.00",0.20,Achieved
India,West,Mumbai Metro Cluster,Maharashtra,MH001,Mumbai Andheri,Karan Shah,EMP0044,Employee 044,Relationship Manager,Apr-2026,CASA,Accounts,Savings Account,32,31,"1,273,753.56","1,334,126.19",104.74,93,22,23.66,109,33,"43,036.33","106,730.10","7,020.25",91.18,No,"60,372.62","12,239.69","40,428.07",0.24,Achieved
India,West,Mumbai Metro Cluster,Maharashtra,MH001,Mumbai Andheri,Karan Shah,EMP0044,Employee 044,Relationship Manager,May-2026,Cards,Cards,Credit Card,19,20,"947,831.15","1,073,675.77",113.28,80,25,31.25,126,22,"53,683.79","128,841.09","7,089.88",85.88,No,"125,844.62","8,521.24","48,803.44",0.31,Achieved
India,West,Mumbai Metro Cluster,Maharashtra,MH001,Mumbai Andheri,Karan Shah,EMP0044,Employee 044,Relationship Manager,Jun-2026,Loans,Retail Lending,Personal Loan,8,5,"4,077,334.49","2,445,965.67",59.99,15,2,13.33,96,26,"489,193.13","269,056.22","20,792.00",92.77,No,"-1,631,368.83","25,478.81","94,075.60",0.13,Below Target
India,West,Mumbai Metro Cluster,Maharashtra,MH001,Mumbai Andheri,Karan Shah,EMP0045,Employee 045,Relationship Manager,Jan-2026,Loans,Retail Lending,Auto Loan,6,5,"1,519,578.96","1,199,321.41",78.92,25,5,20.00,102,27,"239,864.28","107,938.93","9,400.59",76.05,No,"-320,257.54","11,758.05","44,419.31",0.20,Below Target
India,West,Mumbai Metro Cluster,Maharashtra,MH001,Mumbai Andheri,Karan Shah,EMP0045,Employee 045,Relationship Manager,Feb-2026,Cards,Cards,Debit Card,32,29,"308,144.15","267,969.70",86.96,116,39,33.62,174,22,"9,240.33","10,718.79",472.16,78.72,No,"-40,174.46","1,540.06","12,180.44",0.34,Below Target
India,West,Mumbai Metro Cluster,Maharashtra,MH001,Mumbai Andheri,Karan Shah,EMP0045,Employee 045,Relationship Manager,Mar-2026,CASA,Accounts,Savings Account,40,41,"1,219,978.35","1,176,648.46",96.45,246,53,21.54,160,26,"28,698.74","94,131.88","4,183.46",81.42,No,"-43,329.90","7,354.05","45,255.71",0.22,Below Target
India,West,Mumbai Metro Cluster,Maharashtra,MH001,Mumbai Andheri,Karan Shah,EMP0045,Employee 045,Relationship Manager,Apr-2026,CASA,Accounts,Current Account,11,6,"2,617,567.05","1,612,177.46",61.59,30,7,23.33,160,43,"268,696.24","161,217.75","15,401.35",87.10,No,"-1,005,389.59","10,076.11","37,492.50",0.23,Below Target
India,West,Mumbai Metro Cluster,Maharashtra,MH001,Mumbai Andheri,Karan Shah,EMP0045,Employee 045,Relationship Manager,May-2026,Insurance,Insurance,General Insurance,10,10,"470,048.15","470,291.32",100.05,40,11,27.50,75,29,"47,029.13","65,840.78","4,860.34",82.31,No,243.17,"6,270.55","16,216.94",0.28,Achieved
India,West,Mumbai Metro Cluster,Maharashtra,MH001,Mumbai Andheri,Karan Shah,EMP0045,Employee 045,Relationship Manager,Jun-2026,Cards,Cards,Credit Card,18,12,"998,845.82","782,732.16",78.36,48,10,20.83,122,29,"65,227.68","93,927.86","4,957.99",81.58,Yes,"-216,113.67","6,415.84","26,990.76",0.21,Below Target
India,West,Mumbai Metro Cluster,Maharashtra,MH001,Mumbai Andheri,Karan Shah,EMP0046,Employee 046,Sales Officer,Jan-2026,Insurance,Insurance,Life Insurance,7,9,"680,711.86","870,515.71",127.88,54,18,33.33,78,33,"96,723.97","156,692.83","15,270.48",93.07,No,"189,803.86","11,160.46","26,379.26",0.33,Achieved
India,West,Mumbai Metro Cluster,Maharashtra,MH001,Mumbai Andheri,Karan Shah,EMP0046,Employee 046,Sales Officer,Feb-2026,Investments,Investments,Fixed Deposit,15,11,"2,998,236.35","2,490,397.78",83.06,44,6,13.64,154,39,"226,399.80","174,327.84","11,512.83",92.88,No,"-507,838.57","16,171.41","63,856.35",0.14,Below Target
India,West,Mumbai Metro Cluster,Maharashtra,MH001,Mumbai Andheri,Karan Shah,EMP0046,Employee 046,Sales Officer,Mar-2026,Investments,Investments,Recurring Deposit,18,25,"645,824.64","968,047.01",149.89,150,40,26.67,92,46,"38,721.88","58,082.82","5,499.94",97.67,No,"322,222.37","10,522.25","21,044.50",0.27,Achieved
India,West,Mumbai Metro Cluster,Maharashtra,MH001,Mumbai Andheri,Karan Shah,EMP0046,Employee 046,Sales Officer,Apr-2026,CASA,Accounts,Savings Account,32,26,"1,042,509.47","853,368.13",81.86,130,22,16.92,102,25,"32,821.85","68,269.45","5,167.19",81.91,No,"-189,141.33","8,366.35","34,134.73",0.17,Below Target
India,West,Mumbai Metro Cluster,Maharashtra,MH001,Mumbai Andheri,Karan Shah,EMP0046,Employee 046,Sales Officer,May-2026,Cards,Cards,Debit Card,32,35,"395,434.60","439,613.54",111.17,140,29,20.71,171,15,"12,560.39","17,584.54",970.69,91.17,Yes,"44,178.94","2,570.84","29,307.57",0.21,Achieved
India,West,Mumbai Metro Cluster,Maharashtra,MH001,Mumbai Andheri,Karan Shah,EMP0046,Employee 046,Sales Officer,Jun-2026,Insurance,Insurance,Life Insurance,7,6,"717,734.27","689,779.64",96.11,18,5,27.78,166,23,"114,963.27","124,160.34","5,227.21",83.66,No,"-27,954.63","4,155.30","29,990.42",0.28,Below Target
India,West,Mumbai Metro Cluster,Maharashtra,MH001,Mumbai Andheri,Karan Shah,EMP0047,Employee 047,Sales Officer,Jan-2026,Investments,Investments,Fixed Deposit,14,16,"2,948,290.96","3,666,919.50",124.37,48,14,29.17,87,48,"229,182.47","256,684.37","17,969.14",80.88,No,"718,628.54","42,148.50","76,394.16",0.29,Achieved
India,West,Mumbai Metro Cluster,Maharashtra,MH001,Mumbai Andheri,Karan Shah,EMP0047,Employee 047,Sales Officer,Feb-2026,Investments,Investments,Fixed Deposit,14,11,"3,384,399.57","2,579,262.92",76.21,55,15,27.27,107,15,"234,478.45","180,548.40","17,231.83",88.03,No,"-805,136.64","24,105.26","171,950.86",0.27,Below Target
India,West,Mumbai Metro Cluster,Maharashtra,MH001,Mumbai Andheri,Karan Shah,EMP0047,Employee 047,Sales Officer,Mar-2026,Loans,Retail Lending,Auto Loan,6,7,"1,574,176.59","2,027,971.97",128.83,21,4,19.05,129,41,"289,710.28","182,517.48","12,940.55",94.70,No,"453,795.38","15,720.71","49,462.73",0.19,Achieved
India,West,Mumbai Metro Cluster,Maharashtra,MH001,Mumbai Andheri,Karan Shah,EMP0047,Employee 047,Sales Officer,Apr-2026,Loans,Retail Lending,Auto Loan,6,5,"1,757,496.08","1,545,183.31",87.92,25,8,32.00,105,30,"309,036.66","139,066.50","12,874.66",89.09,No,"-212,312.77","14,716.03","51,506.11",0.32,Below Target
India,West,Mumbai Metro Cluster,Maharashtra,MH001,Mumbai Andheri,Karan Shah,EMP0047,Employee 047,Sales Officer,May-2026,Insurance,Insurance,General Insurance,10,10,"501,890.83","523,787.88",104.36,60,17,28.33,126,36,"52,378.79","73,330.30","4,235.31",72.90,No,"21,897.05","4,157.05","14,549.66",0.28,Achieved
India,West,Mumbai Metro Cluster,Maharashtra,MH001,Mumbai Andheri,Karan Shah,EMP0047,Employee 047,Sales Officer,Jun-2026,Cards,Cards,Debit Card,27,30,"309,842.89","329,250.86",106.26,180,57,31.67,170,20,"10,975.03","13,170.03","1,150.61",81.57,No,"19,407.98","1,936.77","16,462.54",0.32,Achieved
India,West,Mumbai Metro Cluster,Maharashtra,MH001,Mumbai Andheri,Karan Shah,EMP0048,Employee 048,Sales Officer,Jan-2026,CASA,Accounts,Savings Account,39,54,"1,063,738.34","1,521,755.00",143.06,270,46,17.04,142,42,"28,180.65","121,740.40","7,141.31",83.94,No,"458,016.66","10,716.58","36,232.26",0.17,Achieved
India,West,Mumbai Metro Cluster,Maharashtra,MH001,Mumbai Andheri,Karan Shah,EMP0048,Employee 048,Sales Officer,Feb-2026,Cards,Cards,Credit Card,19,14,"919,416.30","790,235.12",85.95,42,9,21.43,131,47,"56,445.37","94,828.21","6,870.71",79.42,No,"-129,181.18","6,032.33","16,813.51",0.21,Below Target
India,West,Mumbai Metro Cluster,Maharashtra,MH001,Mumbai Andheri,Karan Shah,EMP0048,Employee 048,Sales Officer,Mar-2026,Investments,Investments,Fixed Deposit,14,14,"3,333,474.27","3,421,471.61",102.64,84,28,33.33,117,43,"244,390.83","239,503.01","15,890.00",78.92,Yes,"87,997.34","29,243.35","79,569.11",0.33,Achieved
India,West,Mumbai Metro Cluster,Maharashtra,MH001,Mumbai Andheri,Karan Shah,EMP0048,Employee 048,Sales Officer,Apr-2026,CASA,Accounts,Savings Account,39,34,"1,093,553.90","965,787.03",88.32,102,30,29.41,131,31,"28,405.50","77,262.96","7,064.81",79.01,No,"-127,766.87","7,372.42","31,154.42",0.29,Below Target
India,West,Mumbai Metro Cluster,Maharashtra,MH001,Mumbai Andheri,Karan Shah,EMP0048,Employee 048,Sales Officer,May-2026,Loans,Retail Lending,Personal Loan,10,15,"4,166,917.72","5,664,713.90",135.94,90,25,27.78,125,15,"377,647.59","623,118.53","42,311.81",94.71,No,"1,497,796.18","45,317.71","377,647.59",0.28,Achieved
India,West,Mumbai Metro Cluster,Maharashtra,MH001,Mumbai Andheri,Karan Shah,EMP0048,Employee 048,Sales Officer,Jun-2026,Insurance,Insurance,General Insurance,10,4,"443,424.71","198,764.48",44.82,16,3,18.75,84,17,"49,691.12","27,827.03","1,135.40",86.69,No,"-244,660.23","2,366.24","11,692.03",0.19,Below Target
India,West,Mumbai Metro Cluster,Maharashtra,MH002,Mumbai Fort,Sneha Iyer,EMP0049,Employee 049,Relationship Manager,Jan-2026,CASA,Accounts,Current Account,10,9,"2,783,012.84","2,692,319.86",96.74,27,7,25.93,148,42,"299,146.65","269,231.99","19,582.62",88.41,Yes,"-90,692.97","18,191.35","64,102.85",0.26,Below Target
India,West,Mumbai Metro Cluster,Maharashtra,MH002,Mumbai Fort,Sneha Iyer,EMP0049,Employee 049,Relationship Manager,Feb-2026,CASA,Accounts,Current Account,11,14,"2,872,886.77","3,778,924.54",131.54,42,9,21.43,72,28,"269,923.18","377,892.45","23,562.35",84.56,No,"906,037.77","52,485.06","134,961.59",0.21,Achieved
India,West,Mumbai Metro Cluster,Maharashtra,MH002,Mumbai Fort,Sneha Iyer,EMP0049,Employee 049,Relationship Manager,Mar-2026,Loans,Retail Lending,Home Loan,4,5,"9,032,352.42","11,731,124.09",129.88,25,7,28.00,118,23,"2,346,224.82","938,489.93","37,838.80",86.02,No,"2,698,771.67","99,416.31","510,048.87",0.28,Achieved
India,West,Mumbai Metro Cluster,Maharashtra,MH002,Mumbai Fort,Sneha Iyer,EMP0049,Employee 049,Relationship Manager,Apr-2026,Insurance,Insurance,Life Insurance,7,5,"717,579.85","618,911.31",86.25,15,3,20.00,165,31,"123,782.26","111,404.04","4,553.94",88.57,No,"-98,668.55","3,750.98","19,964.88",0.20,Below Target
India,West,Mumbai Metro Cluster,Maharashtra,MH002,Mumbai Fort,Sneha Iyer,EMP0049,Employee 049,Relationship Manager,May-2026,Investments,Investments,Mutual Fund,7,5,"2,010,821.14","1,730,972.04",86.08,15,2,13.33,164,17,"346,194.41","173,097.20","11,422.65",91.70,No,"-279,849.10","10,554.71","101,821.88",0.13,Below Target
India,West,Mumbai Metro Cluster,Maharashtra,MH002,Mumbai Fort,Sneha Iyer,EMP0049,Employee 049,Relationship Manager,Jun-2026,Investments,Investments,Fixed Deposit,13,19,"2,976,529.10","4,552,930.64",152.96,76,15,19.74,173,16,"239,627.93","318,705.14","20,872.33",95.77,Yes,"1,576,401.54","26,317.52","284,558.16",0.20,Achieved
India,West,Mumbai Metro Cluster,Maharashtra,MH002,Mumbai Fort,Sneha Iyer,EMP0050,Employee 050,Sales Officer,Jan-2026,CASA,Accounts,Savings Account,34,25,"1,182,279.46","955,019.41",80.78,75,13,17.33,107,17,"38,200.78","76,401.55","7,360.84",89.68,No,"-227,260.05","8,925.42","56,177.61",0.17,Below Target
India,West,Mumbai Metro Cluster,Maharashtra,MH002,Mumbai Fort,Sneha Iyer,EMP0050,Employee 050,Sales Officer,Feb-2026,CASA,Accounts,Savings Account,34,45,"1,120,244.72","1,529,507.43",136.53,225,40,17.78,172,29,"33,989.05","122,360.59","10,926.66",88.80,No,"409,262.71","8,892.49","52,741.64",0.18,Achieved
India,West,Mumbai Metro Cluster,Maharashtra,MH002,Mumbai Fort,Sneha Iyer,EMP0050,Employee 050,Sales Officer,Mar-2026,Cards,Cards,Debit Card,29,22,"300,770.65","218,351.20",72.60,88,18,20.45,165,49,"9,925.05","8,734.05",781.34,98.04,No,"-82,419.46","1,323.34","4,456.15",0.20,Below Target
India,West,Mumbai Metro Cluster,Maharashtra,MH002,Mumbai Fort,Sneha Iyer,EMP0050,Employee 050,Sales Officer,Apr-2026,CASA,Accounts,Current Account,10,9,"2,510,650.78","2,395,598.37",95.42,45,15,33.33,171,32,"266,177.60","239,559.84","21,726.23",97.94,No,"-115,052.41","14,009.35","74,862.45",0.33,Below Target
India,West,Mumbai Metro Cluster,Maharashtra,MH002,Mumbai Fort,Sneha Iyer,EMP0050,Employee 050,Sales Officer,May-2026,Cards,Cards,Credit Card,16,25,"850,888.20","1,498,479.13",176.11,125,25,20.00,123,25,"59,939.17","179,817.50","7,340.49",79.77,No,"647,590.93","12,182.76","59,939.17",0.20,Achieved
India,West,Mumbai Metro Cluster,Maharashtra,MH002,Mumbai Fort,Sneha Iyer,EMP0050,Employee 050,Sales Officer,Jun-2026,Loans,Retail Lending,Auto Loan,6,6,"1,378,690.25","1,700,513.81",123.34,30,3,10.00,72,30,"283,418.97","153,046.24","9,931.00",97.30,No,"321,823.56","23,618.25","56,683.79",0.10,Achieved
India,West,Mumbai Metro Cluster,Maharashtra,MH002,Mumbai Fort,Sneha Iyer,EMP0051,Employee 051,Sales Officer,Jan-2026,Loans,Retail Lending,Home Loan,3,4,"7,808,632.43","11,479,695.15",147.01,24,4,16.67,167,42,"2,869,923.79","918,375.61","65,811.39",84.55,No,"3,671,062.72","68,740.69","273,326.07",0.17,Achieved
India,West,Mumbai Metro Cluster,Maharashtra,MH002,Mumbai Fort,Sneha Iyer,EMP0051,Employee 051,Sales Officer,Feb-2026,Loans,Retail Lending,Personal Loan,11,10,"4,447,575.32","4,474,730.27",100.61,40,5,12.50,80,32,"447,473.03","492,220.33","30,392.58",67.50,No,"27,154.95","55,934.13","139,835.32",0.12,Achieved
India,West,Mumbai Metro Cluster,Maharashtra,MH002,Mumbai Fort,Sneha Iyer,EMP0051,Employee 051,Sales Officer,Mar-2026,Insurance,Insurance,Life Insurance,7,10,"731,214.18","1,040,995.71",142.37,50,14,28.00,140,18,"104,099.57","187,379.23","12,147.73",88.03,No,"309,781.53","7,435.68","57,833.10",0.28,Achieved
India,West,Mumbai Metro Cluster,Maharashtra,MH002,Mumbai Fort,Sneha Iyer,EMP0051,Employee 051,Sales Officer,Apr-2026,Cards,Cards,Credit Card,19,28,"810,826.68","1,096,902.40",135.28,168,21,12.50,128,29,"39,175.09","131,628.29","11,884.63",84.28,No,"286,075.73","8,569.55","37,824.22",0.12,Achieved
India,West,Mumbai Metro Cluster,Maharashtra,MH002,Mumbai Fort,Sneha Iyer,EMP0051,Employee 051,Sales Officer,May-2026,Cards,Cards,Credit Card,17,12,"806,496.58","617,693.68",76.59,48,12,25.00,123,40,"51,474.47","74,123.24","6,258.51",100.00,No,"-188,802.91","5,021.90","15,442.34",0.25,Below Target
India,West,Mumbai Metro Cluster,Maharashtra,MH002,Mumbai Fort,Sneha Iyer,EMP0051,Employee 051,Sales Officer,Jun-2026,Investments,Investments,Recurring Deposit,18,14,"780,004.33","670,230.55",85.93,56,14,25.00,149,41,"47,873.61","40,213.83","3,387.84",86.96,No,"-109,773.78","4,498.19","16,347.09",0.25,Below Target
India,West,Mumbai Metro Cluster,Maharashtra,MH002,Mumbai Fort,Sneha Iyer,EMP0052,Employee 052,Relationship Manager,Jan-2026,Loans,Retail Lending,Personal Loan,10,8,"4,639,103.40","4,033,271.32",86.94,40,12,30.00,163,34,"504,158.91","443,659.84","26,996.89",83.54,No,"-605,832.08","24,744.00","118,625.63",0.30,Below Target
India,West,Mumbai Metro Cluster,Maharashtra,MH002,Mumbai Fort,Sneha Iyer,EMP0052,Employee 052,Relationship Manager,Feb-2026,Investments,Investments,Mutual Fund,9,9,"1,575,955.88","1,671,969.24",106.09,36,7,19.44,127,48,"185,774.36","167,196.92","11,452.50",90.16,No,"96,013.36","13,165.11","34,832.69",0.19,Achieved
India,West,Mumbai Metro Cluster,Maharashtra,MH002,Mumbai Fort,Sneha Iyer,EMP0052,Employee 052,Relationship Manager,Mar-2026,Insurance,Insurance,Life Insurance,7,4,"663,513.32","365,859.90",55.14,16,1,6.25,79,42,"91,464.98","65,854.78","4,038.16",84.76,No,"-297,653.42","4,631.14","8,710.95",0.06,Below Target
India,West,Mumbai Metro Cluster,Maharashtra,MH002,Mumbai Fort,Sneha Iyer,EMP0052,Employee 052,Relationship Manager,Apr-2026,Loans,Retail Lending,Home Loan,3,3,"8,098,745.12","9,982,013.47",123.25,15,2,13.33,91,16,"3,327,337.82","798,561.08","71,677.93",84.10,No,"1,883,268.35","109,692.46","623,875.84",0.13,Achieved
India,West,Mumbai Metro Cluster,Maharashtra,MH002,Mumbai Fort,Sneha Iyer,EMP0052,Employee 052,Relationship Manager,May-2026,Loans,Retail Lending,Auto Loan,5,6,"1,509,611.12","1,873,531.92",124.11,36,8,22.22,86,15,"312,255.32","168,617.87","11,394.36",87.19,No,"363,920.80","21,785.25","124,902.13",0.22,Achieved
India,West,Mumbai Metro Cluster,Maharashtra,MH002,Mumbai Fort,Sneha Iyer,EMP0052,Employee 052,Relationship Manager,Jun-2026,Insurance,Insurance,General Insurance,9,6,"408,248.01","297,182.49",72.79,24,6,25.00,109,31,"49,530.41","41,605.55","3,816.57",94.88,No,"-111,065.52","2,726.44","9,586.53",0.25,Below Target
India,West,Mumbai Metro Cluster,Maharashtra,MH002,Mumbai Fort,Sneha Iyer,EMP0053,Employee 053,Sales Officer,Jan-2026,Cards,Cards,Debit Card,33,45,"299,161.43","414,482.60",138.55,135,39,28.89,132,26,"9,210.72","16,579.30","1,143.82",90.50,No,"115,321.16","3,140.02","15,941.64",0.29,Achieved
India,West,Mumbai Metro Cluster,Maharashtra,MH002,Mumbai Fort,Sneha Iyer,EMP0053,Employee 053,Sales Officer,Feb-2026,Cards,Cards,Debit Card,26,27,"370,845.72","383,337.72",103.37,162,24,14.81,82,31,"14,197.69","15,333.51","1,365.78",86.16,No,"12,492.00","4,674.85","12,365.73",0.15,Achieved
India,West,Mumbai Metro Cluster,Maharashtra,MH002,Mumbai Fort,Sneha Iyer,EMP0053,Employee 053,Sales Officer,Mar-2026,Insurance,Insurance,General Insurance,9,11,"513,481.77","710,965.43",138.46,33,8,24.24,171,42,"64,633.22","99,535.16","4,968.61",88.27,No,"197,483.65","4,157.69","16,927.75",0.24,Achieved
India,West,Mumbai Metro Cluster,Maharashtra,MH002,Mumbai Fort,Sneha Iyer,EMP0053,Employee 053,Sales Officer,Apr-2026,Loans,Retail Lending,Personal Loan,9,9,"5,076,617.11","6,167,413.85",121.49,54,11,20.37,75,28,"685,268.21","678,415.52","37,426.76",84.99,Yes,"1,090,796.75","82,232.18","220,264.78",0.20,Achieved
India,West,Mumbai Metro Cluster,Maharashtra,MH002,Mumbai Fort,Sneha Iyer,EMP0053,Employee 053,Sales Officer,May-2026,Investments,Investments,Recurring Deposit,18,23,"665,906.35","957,246.45",143.75,115,19,16.52,154,34,"41,619.41","57,434.79","3,157.77",81.86,No,"291,340.10","6,215.89","28,154.31",0.17,Achieved
India,West,Mumbai Metro Cluster,Maharashtra,MH002,Mumbai Fort,Sneha Iyer,EMP0053,Employee 053,Sales Officer,Jun-2026,Investments,Investments,Fixed Deposit,16,18,"2,686,843.71","3,020,696.37",112.43,90,14,15.56,93,22,"167,816.47","211,448.75","20,139.30",96.60,No,"333,852.66","32,480.61","137,304.38",0.16,Achieved
India,West,Mumbai Metro Cluster,Maharashtra,MH002,Mumbai Fort,Sneha Iyer,EMP0054,Employee 054,Sales Officer,Jan-2026,Insurance,Insurance,Life Insurance,7,8,"754,689.11","897,025.09",118.86,32,11,34.38,165,43,"112,128.14","161,464.52","13,318.77",94.99,No,"142,335.98","5,436.52","20,861.05",0.34,Achieved
India,West,Mumbai Metro Cluster,Maharashtra,MH002,Mumbai Fort,Sneha Iyer,EMP0054,Employee 054,Sales Officer,Feb-2026,Investments,Investments,Recurring Deposit,18,18,"786,227.20","815,596.47",103.74,90,13,14.44,121,44,"45,310.91","48,935.79","3,575.72",73.09,No,"29,369.27","6,740.47","18,536.28",0.14,Achieved
India,West,Mumbai Metro Cluster,Maharashtra,MH002,Mumbai Fort,Sneha Iyer,EMP0054,Employee 054,Sales Officer,Mar-2026,Cards,Cards,Credit Card,17,13,"890,734.29","756,859.15",84.97,39,10,25.64,141,41,"58,219.93","90,823.10","4,578.37",92.85,No,"-133,875.13","5,367.80","18,459.98",0.26,Below Target
India,West,Mumbai Metro Cluster,Maharashtra,MH002,Mumbai Fort,Sneha Iyer,EMP0054,Employee 054,Sales Officer,Apr-2026,Insurance,Insurance,Life Insurance,6,8,"711,855.80","1,127,215.91",158.35,48,16,33.33,75,36,"140,901.99","202,898.86","8,921.45",94.05,No,"415,360.10","15,029.55","31,311.55",0.33,Achieved
India,West,Mumbai Metro Cluster,Maharashtra,MH002,Mumbai Fort,Sneha Iyer,EMP0054,Employee 054,Sales Officer,May-2026,Loans,Retail Lending,Personal Loan,9,12,"4,290,863.06","5,378,368.93",125.34,60,11,18.33,173,33,"448,197.41","591,620.58","46,279.92",88.96,No,"1,087,505.87","31,088.84","162,980.88",0.18,Achieved
India,West,Mumbai Metro Cluster,Maharashtra,MH002,Mumbai Fort,Sneha Iyer,EMP0054,Employee 054,Sales Officer,Jun-2026,Cards,Cards,Credit Card,19,13,"1,020,733.59","777,133.88",76.13,78,15,19.23,118,27,"59,779.53","93,256.07","3,787.79",96.03,No,"-243,599.72","6,585.88","28,782.74",0.19,Below Target
India,West,Mumbai Metro Cluster,Maharashtra,MH002,Mumbai Fort,Sneha Iyer,EMP0055,Employee 055,Relationship Manager,Jan-2026,Cards,Cards,Debit Card,28,37,"312,436.80","405,273.91",129.71,222,39,17.57,151,47,"10,953.35","16,210.96","1,558.34",85.87,No,"92,837.11","2,683.93","8,622.85",0.18,Achieved
India,West,Mumbai Metro Cluster,Maharashtra,MH002,Mumbai Fort,Sneha Iyer,EMP0055,Employee 055,Relationship Manager,Feb-2026,CASA,Accounts,Current Account,13,9,"2,460,035.90","1,786,896.83",72.64,36,4,11.11,175,23,"198,544.09","178,689.68","15,201.24",90.09,No,"-673,139.06","10,210.84","77,691.17",0.11,Below Target
India,West,Mumbai Metro Cluster,Maharashtra,MH002,Mumbai Fort,Sneha Iyer,EMP0055,Employee 055,Relationship Manager,Mar-2026,Investments,Investments,Fixed Deposit,13,11,"3,397,379.62","3,091,823.61",91.01,55,9,16.36,122,40,"281,074.87","216,427.65","17,969.39",81.90,No,"-305,556.01","25,342.82","77,295.59",0.16,Below Target
India,West,Mumbai Metro Cluster,Maharashtra,MH002,Mumbai Fort,Sneha Iyer,EMP0055,Employee 055,Relationship Manager,Apr-2026,CASA,Accounts,Current Account,11,14,"2,267,957.37","2,728,181.81",120.29,56,14,25.00,153,36,"194,870.13","272,818.18","13,750.20",80.26,No,"460,224.44","17,831.25","75,782.83",0.25,Achieved
India,West,Mumbai Metro Cluster,Maharashtra,MH002,Mumbai Fort,Sneha Iyer,EMP0055,Employee 055,Relationship Manager,May-2026,Loans,Retail Lending,Home Loan,3,2,"8,745,008.99","8,494,114.12",97.13,7,1,14.29,74,20,"4,247,057.06","679,529.13","63,974.12",75.05,No,"-250,894.87","114,785.33","424,705.71",0.14,Below Target
India,West,Mumbai Metro Cluster,Maharashtra,MH002,Mumbai Fort,Sneha Iyer,EMP0055,Employee 055,Relationship Manager,Jun-2026,Cards,Cards,Debit Card,32,36,"356,993.55","418,233.33",117.15,180,38,21.11,79,39,"11,617.59","16,729.33","1,615.38",89.40,No,"61,239.78","5,294.09","10,723.93",0.21,Achieved
India,West,Mumbai Metro Cluster,Maharashtra,MH002,Mumbai Fort,Sneha Iyer,EMP0056,Employee 056,Sales Officer,Jan-2026,Loans,Retail Lending,Auto Loan,6,4,"1,468,612.12","1,294,993.46",88.18,16,4,25.00,129,44,"323,748.37","116,549.41","10,700.16",86.26,No,"-173,618.66","10,038.71","29,431.67",0.25,Below Target
India,West,Mumbai Metro Cluster,Maharashtra,MH002,Mumbai Fort,Sneha Iyer,EMP0056,Employee 056,Sales Officer,Feb-2026,Cards,Cards,Debit Card,28,29,"396,023.15","448,414.63",113.23,116,35,30.17,172,45,"15,462.57","17,936.59","1,559.10",79.31,No,"52,391.48","2,607.06","9,964.77",0.30,Achieved
India,West,Mumbai Metro Cluster,Maharashtra,MH002,Mumbai Fort,Sneha Iyer,EMP0056,Employee 056,Sales Officer,Mar-2026,CASA,Accounts,Current Account,11,9,"2,585,477.73","2,203,554.07",85.23,45,12,26.67,111,35,"244,839.34","220,355.41","18,666.48",100.00,No,"-381,923.66","19,851.84","62,958.69",0.27,Below Target
India,West,Mumbai Metro Cluster,Maharashtra,MH002,Mumbai Fort,Sneha Iyer,EMP0056,Employee 056,Sales Officer,Apr-2026,Loans,Retail Lending,Personal Loan,10,6,"4,268,042.30","2,726,192.35",63.87,18,5,27.78,147,20,"454,365.39","299,881.16","22,173.60",78.22,No,"-1,541,849.95","18,545.53","136,309.62",0.28,Below Target
India,West,Mumbai Metro Cluster,Maharashtra,MH002,Mumbai Fort,Sneha Iyer,EMP0056,Employee 056,Sales Officer,May-2026,Insurance,Insurance,Life Insurance,6,6,"691,416.04","744,657.82",107.70,30,3,10.00,138,36,"124,109.64","134,038.41","5,977.32",91.23,No,"53,241.77","5,396.07","20,684.94",0.10,Achieved
India,West,Mumbai Metro Cluster,Maharashtra,MH002,Mumbai Fort,Sneha Iyer,EMP0056,Employee 056,Sales Officer,Jun-2026,CASA,Accounts,Current Account,11,10,"2,245,914.11","2,300,633.83",102.44,40,7,17.50,83,28,"230,063.38","230,063.38","10,147.41",84.40,No,"54,719.73","27,718.48","82,165.49",0.18,Achieved
India,West,Mumbai Metro Cluster,Maharashtra,MH003,Thane West,Manish Jain,EMP0057,Employee 057,Sales Officer,Jan-2026,Loans,Retail Lending,Personal Loan,9,11,"4,744,826.57","6,494,311.41",136.87,66,20,30.30,130,31,"590,391.95","714,374.26","67,119.48",97.42,Yes,"1,749,484.84","49,956.24","209,493.92",0.30,Achieved
India,West,Mumbai Metro Cluster,Maharashtra,MH003,Thane West,Manish Jain,EMP0057,Employee 057,Sales Officer,Feb-2026,Loans,Retail Lending,Personal Loan,10,7,"4,713,515.76","3,156,565.15",66.97,35,6,17.14,109,30,"450,937.88","347,222.17","31,124.35",75.49,No,"-1,556,950.62","28,959.31","105,218.84",0.17,Below Target
India,West,Mumbai Metro Cluster,Maharashtra,MH003,Thane West,Manish Jain,EMP0057,Employee 057,Sales Officer,Mar-2026,Investments,Investments,Fixed Deposit,15,9,"3,208,337.72","2,176,265.91",67.83,27,8,29.63,140,30,"241,807.32","152,338.61","9,779.02",90.25,No,"-1,032,071.82","15,544.76","72,542.20",0.30,Below Target
India,West,Mumbai Metro Cluster,Maharashtra,MH003,Thane West,Manish Jain,EMP0057,Employee 057,Sales Officer,Apr-2026,CASA,Accounts,Current Account,13,9,"2,618,541.24","1,672,562.72",63.87,54,16,29.63,179,18,"185,840.30","167,256.27","14,398.71",73.19,No,"-945,978.52","9,343.93","92,920.15",0.30,Below Target
India,West,Mumbai Metro Cluster,Maharashtra,MH003,Thane West,Manish Jain,EMP0057,Employee 057,Sales Officer,May-2026,Investments,Investments,Fixed Deposit,15,14,"2,827,621.45","2,828,341.51",100.03,84,27,32.14,132,17,"202,024.39","197,983.91","17,761.00",96.53,No,720.06,"21,426.83","166,373.03",0.32,Achieved
India,West,Mumbai Metro Cluster,Maharashtra,MH003,Thane West,Manish Jain,EMP0057,Employee 057,Sales Officer,Jun-2026,Loans,Retail Lending,Home Loan,3,2,"9,410,838.73","7,211,145.97",76.63,10,3,30.00,153,36,"3,605,572.99","576,891.68","50,188.35",82.83,No,"-2,199,692.75","47,131.67","200,309.61",0.30,Below Target
India,West,Mumbai Metro Cluster,Maharashtra,MH003,Thane West,Manish Jain,EMP0058,Employee 058,Senior Sales Officer,Jan-2026,Loans,Retail Lending,Personal Loan,9,3,"4,092,428.95","1,552,933.48",37.95,9,1,11.11,116,37,"517,644.49","170,822.68","11,108.87",78.43,No,"-2,539,495.47","13,387.36","41,971.18",0.11,Below Target
India,West,Mumbai Metro Cluster,Maharashtra,MH003,Thane West,Manish Jain,EMP0058,Employee 058,Senior Sales Officer,Feb-2026,Insurance,Insurance,Life Insurance,7,9,"612,666.81","823,822.40",134.46,45,13,28.89,94,28,"91,535.82","148,288.03","7,351.75",84.67,No,"211,155.59","8,764.07","29,422.23",0.29,Achieved
India,West,Mumbai Metro Cluster,Maharashtra,MH003,Thane West,Manish Jain,EMP0058,Employee 058,Senior Sales Officer,Mar-2026,Investments,Investments,Fixed Deposit,16,14,"3,383,817.42","3,018,404.28",89.20,56,9,16.07,85,32,"215,600.31","211,288.30","19,328.08",84.45,No,"-365,413.14","35,510.64","94,325.13",0.16,Below Target
India,West,Mumbai Metro Cluster,Maharashtra,MH003,Thane West,Manish Jain,EMP0058,Employee 058,Senior Sales Officer,Apr-2026,Cards,Cards,Credit Card,16,13,"953,383.40","767,165.10",80.47,78,26,33.33,71,40,"59,012.70","92,059.81","5,202.70",95.32,No,"-186,218.30","10,805.14","19,179.13",0.33,Below Target
India,West,Mumbai Metro Cluster,Maharashtra,MH003,Thane West,Manish Jain,EMP0058,Employee 058,Senior Sales Officer,May-2026,Insurance,Insurance,Life Insurance,7,6,"605,620.35","560,610.55",92.57,24,3,12.50,132,31,"93,435.09","100,909.90","5,405.21",93.46,No,"-45,009.80","4,247.05","18,084.21",0.12,Below Target
India,West,Mumbai Metro Cluster,Maharashtra,MH003,Thane West,Manish Jain,EMP0058,Employee 058,Senior Sales Officer,Jun-2026,Loans,Retail Lending,Auto Loan,5,5,"1,494,278.06","1,495,256.82",100.07,25,3,12.00,106,43,"299,051.36","134,573.11","8,083.01",84.47,No,978.76,"14,106.20","34,773.41",0.12,Achieved
India,West,Mumbai Metro Cluster,Maharashtra,MH003,Thane West,Manish Jain,EMP0059,Employee 059,Sales Officer,Jan-2026,Loans,Retail Lending,Personal Loan,9,7,"5,054,583.61","4,271,999.93",84.52,21,3,14.29,105,16,"610,285.70","469,919.99","30,313.29",83.56,No,"-782,583.68","40,685.71","267,000.00",0.14,Below Target
India,West,Mumbai Metro Cluster,Maharashtra,MH003,Thane West,Manish Jain,EMP0059,Employee 059,Sales Officer,Feb-2026,Loans,Retail Lending,Auto Loan,5,5,"1,745,368.58","1,786,853.88",102.38,20,3,15.00,91,23,"357,370.78","160,816.85","8,651.89",96.47,No,"41,485.30","19,635.76","77,689.30",0.15,Achieved
India,West,Mumbai Metro Cluster,Maharashtra,MH003,Thane West,Manish Jain,EMP0059,Employee 059,Sales Officer,Mar-2026,Cards,Cards,Credit Card,16,17,"912,307.17","899,249.19",98.57,51,7,13.73,144,36,"52,897.01","107,909.90","8,662.60",90.53,No,"-13,057.99","6,244.79","24,979.14",0.14,Below Target
India,West,Mumbai Metro Cluster,Maharashtra,MH003,Thane West,Manish Jain,EMP0059,Employee 059,Sales Officer,Apr-2026,CASA,Accounts,Current Account,12,11,"2,212,960.11","2,038,085.01",92.10,55,14,25.45,126,35,"185,280.46","203,808.50","18,743.47",84.74,No,"-174,875.11","16,175.28","58,231.00",0.25,Below Target
India,West,Mumbai Metro Cluster,Maharashtra,MH003,Thane West,Manish Jain,EMP0059,Employee 059,Sales Officer,May-2026,Loans,Retail Lending,Auto Loan,5,4,"1,657,010.60","1,554,827.89",93.83,24,7,29.17,115,45,"388,706.97","139,934.51","11,383.01",98.48,No,"-102,182.71","13,520.24","34,551.73",0.29,Below Target
India,West,Mumbai Metro Cluster,Maharashtra,MH003,Thane West,Manish Jain,EMP0059,Employee 059,Sales Officer,Jun-2026,Cards,Cards,Debit Card,30,31,"324,126.33","339,762.18",104.82,155,53,34.19,134,42,"10,960.07","13,590.49","1,180.40",82.09,No,"15,635.85","2,535.54","8,089.58",0.34,Achieved
India,West,Mumbai Metro Cluster,Maharashtra,MH003,Thane West,Manish Jain,EMP0060,Employee 060,Relationship Manager,Jan-2026,Loans,Retail Lending,Home Loan,4,3,"8,740,316.66","7,910,132.20",90.50,18,2,11.11,123,44,"2,636,710.73","632,810.58","39,668.39",94.26,No,"-830,184.46","64,310.02","179,775.73",0.11,Below Target
India,West,Mumbai Metro Cluster,Maharashtra,MH003,Thane West,Manish Jain,EMP0060,Employee 060,Relationship Manager,Feb-2026,Investments,Investments,Fixed Deposit,15,11,"3,222,370.44","2,242,696.01",69.60,33,8,24.24,178,36,"203,881.46","156,988.72","7,428.78",93.30,No,"-979,674.43","12,599.42","62,297.11",0.24,Below Target
India,West,Mumbai Metro Cluster,Maharashtra,MH003,Thane West,Manish Jain,EMP0060,Employee 060,Relationship Manager,Mar-2026,Investments,Investments,Recurring Deposit,17,13,"790,060.51","601,865.18",76.18,78,9,11.54,79,46,"46,297.32","36,111.91","3,192.49",96.75,No,"-188,195.32","7,618.55","13,084.03",0.12,Below Target
India,West,Mumbai Metro Cluster,Maharashtra,MH003,Thane West,Manish Jain,EMP0060,Employee 060,Relationship Manager,Apr-2026,Cards,Cards,Debit Card,30,21,"315,837.95","221,844.46",70.24,105,32,30.48,135,43,"10,564.02","8,873.78",784.08,100.00,No,"-93,993.49","1,643.29","5,159.17",0.30,Below Target
India,West,Mumbai Metro Cluster,Maharashtra,MH003,Thane West,Manish Jain,EMP0060,Employee 060,Relationship Manager,May-2026,Loans,Retail Lending,Home Loan,3,3,"7,454,185.97","7,628,392.52",102.34,12,3,25.00,127,26,"2,542,797.51","610,271.40","29,928.47",100.00,No,"174,206.55","60,066.08","293,399.71",0.25,Achieved
India,West,Mumbai Metro Cluster,Maharashtra,MH003,Thane West,Manish Jain,EMP0060,Employee 060,Relationship Manager,Jun-2026,Loans,Retail Lending,Home Loan,4,4,"8,768,977.19","10,289,467.62",117.34,12,3,25.00,87,17,"2,572,366.90","823,157.41","45,453.22",92.91,No,"1,520,490.43","118,269.74","605,262.80",0.25,Achieved
India,West,Mumbai Metro Cluster,Maharashtra,MH003,Thane West,Manish Jain,EMP0061,Employee 061,Sales Officer,Jan-2026,Loans,Retail Lending,Auto Loan,6,7,"1,367,796.85","1,854,751.97",135.60,42,13,30.95,156,28,"264,964.57","166,927.68","7,952.80",98.05,No,"486,955.11","11,889.44","66,241.14",0.31,Achieved
India,West,Mumbai Metro Cluster,Maharashtra,MH003,Thane West,Manish Jain,EMP0061,Employee 061,Sales Officer,Feb-2026,Investments,Investments,Mutual Fund,7,6,"1,701,861.50","1,802,162.07",105.89,30,8,26.67,147,29,"300,360.34","180,216.21","16,845.17",93.58,No,"100,300.57","12,259.61","62,143.52",0.27,Achieved
India,West,Mumbai Metro Cluster,Maharashtra,MH003,Thane West,Manish Jain,EMP0061,Employee 061,Sales Officer,Mar-2026,Loans,Retail Lending,Personal Loan,8,5,"4,554,404.20","3,293,160.62",72.31,25,7,28.00,74,23,"658,632.12","362,247.67","26,511.72",82.70,No,"-1,261,243.58","44,502.17","143,180.90",0.28,Below Target
India,West,Mumbai Metro Cluster,Maharashtra,MH003,Thane West,Manish Jain,EMP0061,Employee 061,Sales Officer,Apr-2026,Cards,Cards,Credit Card,17,14,"802,264.18","635,763.66",79.25,70,24,34.29,157,25,"45,411.69","76,291.64","5,486.31",78.58,No,"-166,500.52","4,049.45","25,430.55",0.34,Below Target
India,West,Mumbai Metro Cluster,Maharashtra,MH003,Thane West,Manish Jain,EMP0061,Employee 061,Sales Officer,May-2026,Loans,Retail Lending,Personal Loan,9,8,"4,468,222.72","4,208,566.88",94.19,32,8,25.00,139,22,"526,070.86","462,942.36","27,273.96",94.84,No,"-259,655.84","30,277.46","191,298.49",0.25,Below Target
India,West,Mumbai Metro Cluster,Maharashtra,MH003,Thane West,Manish Jain,EMP0061,Employee 061,Sales Officer,Jun-2026,Loans,Retail Lending,Personal Loan,8,9,"4,598,067.85","5,296,078.93",115.18,45,14,31.11,88,41,"588,453.21","582,568.68","44,945.39",96.45,No,"698,011.08","60,182.72","129,172.66",0.31,Achieved
India,West,Mumbai Metro Cluster,Maharashtra,MH003,Thane West,Manish Jain,EMP0062,Employee 062,Sales Officer,Jan-2026,Cards,Cards,Credit Card,19,18,"827,786.16","766,669.72",92.62,108,36,33.33,95,37,"42,592.76","92,000.37","6,912.34",74.34,No,"-61,116.44","8,070.21","20,720.80",0.33,Below Target
India,West,Mumbai Metro Cluster,Maharashtra,MH003,Thane West,Manish Jain,EMP0062,Employee 062,Sales Officer,Feb-2026,Loans,Retail Lending,Home Loan,4,5,"8,434,118.96","9,664,358.69",114.59,25,6,24.00,96,25,"1,932,871.74","773,148.70","32,854.75",91.26,No,"1,230,239.74","100,670.40","386,574.35",0.24,Achieved
India,West,Mumbai Metro Cluster,Maharashtra,MH003,Thane West,Manish Jain,EMP0062,Employee 062,Sales Officer,Mar-2026,Cards,Cards,Credit Card,18,14,"1,007,442.53","845,824.77",83.96,70,10,14.29,116,21,"60,416.05","101,498.97","7,963.40",80.44,No,"-161,617.76","7,291.59","40,277.37",0.14,Below Target
India,West,Mumbai Metro Cluster,Maharashtra,MH003,Thane West,Manish Jain,EMP0062,Employee 062,Sales Officer,Apr-2026,Insurance,Insurance,General Insurance,9,11,"509,612.88","642,173.34",126.01,33,6,18.18,82,39,"58,379.39","89,904.27","8,090.69",93.24,No,"132,560.47","7,831.38","16,465.98",0.18,Achieved
India,West,Mumbai Metro Cluster,Maharashtra,MH003,Thane West,Manish Jain,EMP0062,Employee 062,Sales Officer,May-2026,Loans,Retail Lending,Home Loan,4,3,"8,383,168.34","6,249,742.54",74.55,12,2,16.67,114,37,"2,083,247.51","499,979.40","29,538.26",99.40,No,"-2,133,425.80","54,822.30","168,911.96",0.17,Below Target
India,West,Mumbai Metro Cluster,Maharashtra,MH003,Thane West,Manish Jain,EMP0062,Employee 062,Sales Officer,Jun-2026,Insurance,Insurance,General Insurance,9,7,"450,800.77","357,922.04",79.40,28,6,21.43,136,30,"51,131.72","50,109.09","2,347.53",86.84,Yes,"-92,878.73","2,631.78","11,930.73",0.21,Below Target
India,West,Mumbai Metro Cluster,Maharashtra,MH003,Thane West,Manish Jain,EMP0063,Employee 063,Senior Sales Officer,Jan-2026,Insurance,Insurance,Life Insurance,6,8,"678,359.07","926,663.40",136.60,24,8,33.33,91,31,"115,832.93","166,799.41","16,225.24",98.37,No,"248,304.33","10,183.11","29,892.37",0.33,Achieved
India,West,Mumbai Metro Cluster,Maharashtra,MH003,Thane West,Manish Jain,EMP0063,Employee 063,Senior Sales Officer,Feb-2026,Investments,Investments,Fixed Deposit,13,13,"3,331,352.37","3,341,585.78",100.31,78,16,20.51,103,18,"257,045.06","233,911.00","19,663.01",76.03,No,"10,233.42","32,442.58","185,643.65",0.21,Achieved
India,West,Mumbai Metro Cluster,Maharashtra,MH003,Thane West,Manish Jain,EMP0063,Employee 063,Senior Sales Officer,Mar-2026,Investments,Investments,Fixed Deposit,13,10,"2,778,835.11","2,152,578.79",77.46,60,8,13.33,96,46,"215,257.88","150,680.52","14,236.46",86.17,No,"-626,256.32","22,422.70","46,795.19",0.13,Below Target
India,West,Mumbai Metro Cluster,Maharashtra,MH003,Thane West,Manish Jain,EMP0063,Employee 063,Senior Sales Officer,Apr-2026,Investments,Investments,Mutual Fund,8,8,"1,730,635.12","1,839,733.24",106.30,40,13,32.50,159,18,"229,966.66","183,973.32","9,575.12",95.14,No,"109,098.12","11,570.65","102,207.40",0.32,Achieved
India,West,Mumbai Metro Cluster,Maharashtra,MH003,Thane West,Manish Jain,EMP0063,Employee 063,Senior Sales Officer,May-2026,CASA,Accounts,Current Account,13,16,"2,332,801.94","3,233,515.11",138.61,48,9,18.75,159,37,"202,094.69","323,351.51","19,252.70",91.03,No,"900,713.17","20,336.57","87,392.30",0.19,Achieved
India,West,Mumbai Metro Cluster,Maharashtra,MH003,Thane West,Manish Jain,EMP0063,Employee 063,Senior Sales Officer,Jun-2026,Investments,Investments,Mutual Fund,8,7,"1,843,548.42","1,953,485.04",105.96,21,6,28.57,143,26,"279,069.29","195,348.50","18,955.05",84.55,No,"109,936.61","13,660.73","75,134.04",0.29,Achieved
India,West,Mumbai Metro Cluster,Maharashtra,MH003,Thane West,Manish Jain,EMP0064,Employee 064,Senior Sales Officer,Jan-2026,Loans,Retail Lending,Auto Loan,6,3,"1,371,572.89","654,906.43",47.75,12,3,25.00,112,32,"218,302.14","58,941.58","3,712.90",94.09,No,"-716,666.47","5,847.38","20,465.83",0.25,Below Target
India,West,Mumbai Metro Cluster,Maharashtra,MH003,Thane West,Manish Jain,EMP0064,Employee 064,Senior Sales Officer,Feb-2026,CASA,Accounts,Savings Account,34,30,"1,091,788.18","929,615.51",85.15,120,36,30.00,91,16,"30,987.18","74,369.24","6,660.21",91.30,No,"-162,172.67","10,215.56","58,100.97",0.30,Below Target
India,West,Mumbai Metro Cluster,Maharashtra,MH003,Thane West,Manish Jain,EMP0064,Employee 064,Senior Sales Officer,Mar-2026,Insurance,Insurance,General Insurance,9,8,"499,449.48","430,626.69",86.22,48,8,16.67,118,23,"53,828.34","60,287.74","2,487.55",87.76,No,"-68,822.79","3,649.38","18,722.90",0.17,Below Target
India,West,Mumbai Metro Cluster,Maharashtra,MH003,Thane West,Manish Jain,EMP0064,Employee 064,Senior Sales Officer,Apr-2026,Loans,Retail Lending,Auto Loan,6,8,"1,468,850.86","2,049,141.27",139.51,40,10,25.00,72,33,"256,142.66","184,422.71","15,590.66",91.88,No,"580,290.41","28,460.30","62,095.19",0.25,Achieved
India,West,Mumbai Metro Cluster,Maharashtra,MH003,Thane West,Manish Jain,EMP0064,Employee 064,Senior Sales Officer,May-2026,Loans,Retail Lending,Personal Loan,10,9,"4,477,447.28","4,232,939.74",94.54,45,7,15.56,116,18,"470,326.64","465,623.37","18,829.83",84.08,No,"-244,507.54","36,490.86","235,163.32",0.16,Below Target
India,West,Mumbai Metro Cluster,Maharashtra,MH003,Thane West,Manish Jain,EMP0064,Employee 064,Senior Sales Officer,Jun-2026,Insurance,Insurance,Life Insurance,7,9,"712,153.47","1,107,308.09",155.49,27,8,29.63,140,48,"123,034.23","199,315.46","10,188.33",100.00,No,"395,154.61","7,909.34","23,068.92",0.30,Achieved
India,West,Gujarat Cluster,Gujarat,GJ001,Ahmedabad CG Road,Riya Patel,EMP0065,Employee 065,Relationship Manager,Jan-2026,CASA,Accounts,Savings Account,34,41,"1,182,563.61","1,579,012.96",133.52,123,18,14.63,95,28,"38,512.51","126,321.04","6,916.18",75.87,No,"396,449.35","16,621.19","56,393.32",0.15,Achieved
India,West,Gujarat Cluster,Gujarat,GJ001,Ahmedabad CG Road,Riya Patel,EMP0065,Employee 065,Relationship Manager,Feb-2026,Investments,Investments,Recurring Deposit,15,19,"789,890.87","925,778.68",117.20,114,15,13.16,129,42,"48,725.19","55,546.72","4,360.93",94.45,No,"135,887.81","7,176.58","22,042.35",0.13,Achieved
India,West,Gujarat Cluster,Gujarat,GJ001,Ahmedabad CG Road,Riya Patel,EMP0065,Employee 065,Relationship Manager,Mar-2026,Insurance,Insurance,General Insurance,9,8,"406,406.10","340,004.17",83.66,40,13,32.50,75,30,"42,500.52","47,600.58","4,654.84",87.55,No,"-66,401.93","4,533.39","11,333.47",0.32,Below Target
India,West,Gujarat Cluster,Gujarat,GJ001,Ahmedabad CG Road,Riya Patel,EMP0065,Employee 065,Relationship Manager,Apr-2026,Loans,Retail Lending,Auto Loan,6,6,"1,588,043.14","1,989,476.62",125.28,30,6,20.00,124,25,"331,579.44","179,052.90","16,226.72",95.28,No,"401,433.48","16,044.17","79,579.06",0.20,Achieved
India,West,Gujarat Cluster,Gujarat,GJ001,Ahmedabad CG Road,Riya Patel,EMP0065,Employee 065,Relationship Manager,May-2026,Investments,Investments,Fixed Deposit,13,13,"2,909,399.32","2,889,138.29",99.30,65,16,24.62,125,33,"222,241.41","202,239.68","12,144.81",88.36,No,"-20,261.03","23,113.11","87,549.65",0.25,Below Target
India,West,Gujarat Cluster,Gujarat,GJ001,Ahmedabad CG Road,Riya Patel,EMP0065,Employee 065,Relationship Manager,Jun-2026,Investments,Investments,Mutual Fund,8,6,"1,566,705.58","1,183,918.58",75.57,18,5,27.78,167,49,"197,319.76","118,391.86","8,000.77",97.78,No,"-382,787.00","7,089.33","24,161.60",0.28,Below Target
India,West,Gujarat Cluster,Gujarat,GJ001,Ahmedabad CG Road,Riya Patel,EMP0066,Employee 066,Relationship Manager,Jan-2026,Investments,Investments,Mutual Fund,7,5,"1,615,717.85","1,335,788.37",82.67,15,3,20.00,154,39,"267,157.67","133,578.84","8,621.86",99.40,No,"-279,929.49","8,673.95","34,250.98",0.20,Below Target
India,West,Gujarat Cluster,Gujarat,GJ001,Ahmedabad CG Road,Riya Patel,EMP0066,Employee 066,Relationship Manager,Feb-2026,Loans,Retail Lending,Personal Loan,9,8,"4,308,045.19","4,171,667.80",96.83,40,7,17.50,90,37,"521,458.48","458,883.46","27,028.52",100.00,No,"-136,377.38","46,351.86","112,747.78",0.18,Below Target
India,West,Gujarat Cluster,Gujarat,GJ001,Ahmedabad CG Road,Riya Patel,EMP0066,Employee 066,Relationship Manager,Mar-2026,Insurance,Insurance,Life Insurance,7,9,"649,844.11","878,525.54",135.19,27,5,18.52,90,40,"97,613.95","158,134.60","11,194.43",83.63,No,"228,681.43","9,761.39","21,963.14",0.19,Achieved
India,West,Gujarat Cluster,Gujarat,GJ001,Ahmedabad CG Road,Riya Patel,EMP0066,Employee 066,Relationship Manager,Apr-2026,CASA,Accounts,Savings Account,34,30,"1,235,747.74","1,115,797.65",90.29,90,17,18.89,110,20,"37,193.25","89,263.81","8,433.73",83.72,No,"-119,950.10","10,143.61","55,789.88",0.19,Below Target
India,West,Gujarat Cluster,Gujarat,GJ001,Ahmedabad CG Road,Riya Patel,EMP0066,Employee 066,Relationship Manager,May-2026,Cards,Cards,Credit Card,20,20,"812,090.50","820,439.38",101.03,120,15,12.50,133,38,"41,021.97","98,452.73","7,017.97",85.48,No,"8,348.88","6,168.72","21,590.51",0.12,Achieved
India,West,Gujarat Cluster,Gujarat,GJ001,Ahmedabad CG Road,Riya Patel,EMP0066,Employee 066,Relationship Manager,Jun-2026,Loans,Retail Lending,Home Loan,3,2,"8,724,638.78","8,311,966.40",95.27,7,2,28.57,152,39,"4,155,983.20","664,957.31","56,515.78",75.48,Yes,"-412,672.37","54,683.99","213,127.34",0.29,Below Target
India,West,Gujarat Cluster,Gujarat,GJ001,Ahmedabad CG Road,Riya Patel,EMP0067,Employee 067,Relationship Manager,Jan-2026,Loans,Retail Lending,Personal Loan,10,9,"4,344,388.98","3,877,631.92",89.26,27,6,22.22,139,46,"430,847.99","426,539.51","38,342.68",85.18,No,"-466,757.06","27,896.63","84,296.35",0.22,Below Target
India,West,Gujarat Cluster,Gujarat,GJ001,Ahmedabad CG Road,Riya Patel,EMP0067,Employee 067,Relationship Manager,Feb-2026,Investments,Investments,Fixed Deposit,15,17,"2,563,148.10","2,957,310.93",115.38,85,10,11.76,132,23,"173,959.47","207,011.77","12,116.01",94.64,No,"394,162.84","22,403.87","128,578.74",0.12,Achieved
India,West,Gujarat Cluster,Gujarat,GJ001,Ahmedabad CG Road,Riya Patel,EMP0067,Employee 067,Relationship Manager,Mar-2026,CASA,Accounts,Savings Account,35,34,"1,258,689.79","1,268,776.23",100.80,102,12,11.76,178,24,"37,316.95","101,502.10","5,329.26",95.00,No,"10,086.44","7,127.96","52,865.68",0.12,Achieved
India,West,Gujarat Cluster,Gujarat,GJ001,Ahmedabad CG Road,Riya Patel,EMP0067,Employee 067,Relationship Manager,Apr-2026,Loans,Retail Lending,Personal Loan,9,8,"4,011,469.15","4,002,227.62",99.77,48,10,20.83,106,24,"500,278.45","440,245.04","41,692.77",91.16,No,"-9,241.52","37,756.86","166,759.48",0.21,Below Target
India,West,Gujarat Cluster,Gujarat,GJ001,Ahmedabad CG Road,Riya Patel,EMP0067,Employee 067,Relationship Manager,May-2026,Cards,Cards,Debit Card,27,21,"400,038.91","328,656.25",82.16,105,21,20.00,159,19,"15,650.30","13,146.25","1,129.94",76.15,No,"-71,382.66","2,067.02","17,297.70",0.20,Below Target
India,West,Gujarat Cluster,Gujarat,GJ001,Ahmedabad CG Road,Riya Patel,EMP0067,Employee 067,Relationship Manager,Jun-2026,CASA,Accounts,Current Account,10,8,"2,848,907.23","2,526,060.39",88.67,48,8,16.67,139,17,"315,757.55","252,606.04","14,835.90",86.92,No,"-322,846.84","18,173.10","148,591.79",0.17,Below Target
India,West,Gujarat Cluster,Gujarat,GJ001,Ahmedabad CG Road,Riya Patel,EMP0068,Employee 068,Relationship Manager,Jan-2026,Loans,Retail Lending,Auto Loan,5,4,"1,455,343.17","1,345,073.34",92.42,24,7,29.17,84,39,"336,268.34","121,056.60","7,193.65",78.07,No,"-110,269.83","16,012.78","34,489.06",0.29,Below Target
India,West,Gujarat Cluster,Gujarat,GJ001,Ahmedabad CG Road,Riya Patel,EMP0068,Employee 068,Relationship Manager,Feb-2026,CASA,Accounts,Savings Account,30,39,"1,303,669.25","1,844,739.24",141.50,156,22,14.10,141,32,"47,301.01","147,579.14","8,709.61",97.65,No,"541,069.99","13,083.26","57,648.10",0.14,Achieved
India,West,Gujarat Cluster,Gujarat,GJ001,Ahmedabad CG Road,Riya Patel,EMP0068,Employee 068,Relationship Manager,Mar-2026,Investments,Investments,Fixed Deposit,16,19,"3,256,575.29","3,715,570.06",114.09,76,21,27.63,156,20,"195,556.32","260,089.90","21,054.91",88.59,No,"458,994.77","23,817.76","185,778.50",0.28,Achieved
India,West,Gujarat Cluster,Gujarat,GJ001,Ahmedabad CG Road,Riya Patel,EMP0068,Employee 068,Relationship Manager,Apr-2026,CASA,Accounts,Savings Account,32,22,"1,130,176.98","737,640.83",65.27,110,34,30.91,147,40,"33,529.13","59,011.27","2,658.77",93.03,No,"-392,536.15","5,017.96","18,441.02",0.31,Below Target
India,West,Gujarat Cluster,Gujarat,GJ001,Ahmedabad CG Road,Riya Patel,EMP0068,Employee 068,Relationship Manager,May-2026,Cards,Cards,Debit Card,34,40,"330,356.55","418,778.66",126.77,120,41,34.17,98,22,"10,469.47","16,751.15","1,351.20",92.13,No,"88,422.11","4,273.25","19,035.39",0.34,Achieved
India,West,Gujarat Cluster,Gujarat,GJ001,Ahmedabad CG Road,Riya Patel,EMP0068,Employee 068,Relationship Manager,Jun-2026,Investments,Investments,Recurring Deposit,19,12,"796,489.16","487,973.59",61.27,60,12,20.00,110,25,"40,664.47","29,278.42","2,359.80",95.04,No,"-308,515.57","4,436.12","19,518.94",0.20,Below Target
India,West,Gujarat Cluster,Gujarat,GJ001,Ahmedabad CG Road,Riya Patel,EMP0069,Employee 069,Sales Officer,Jan-2026,Loans,Retail Lending,Auto Loan,5,8,"1,757,780.31","3,037,727.94",172.82,48,16,33.33,168,28,"379,715.99","273,395.51","21,942.94",89.85,No,"1,279,947.63","18,081.71","108,490.28",0.33,Achieved
India,West,Gujarat Cluster,Gujarat,GJ001,Ahmedabad CG Road,Riya Patel,EMP0069,Employee 069,Sales Officer,Feb-2026,CASA,Accounts,Savings Account,36,28,"1,130,268.36","877,961.80",77.68,140,47,33.57,84,22,"31,355.78","70,236.94","5,739.15",85.03,No,"-252,306.56","10,451.93","39,907.35",0.34,Below Target
India,West,Gujarat Cluster,Gujarat,GJ001,Ahmedabad CG Road,Riya Patel,EMP0069,Employee 069,Sales Officer,Mar-2026,Insurance,Insurance,General Insurance,8,7,"417,011.28","410,024.63",98.32,21,5,23.81,140,43,"58,574.95","57,403.45","2,410.72",88.92,No,"-6,986.65","2,928.75","9,535.46",0.24,Below Target
India,West,Gujarat Cluster,Gujarat,GJ001,Ahmedabad CG Road,Riya Patel,EMP0069,Employee 069,Sales Officer,Apr-2026,Insurance,Insurance,General Insurance,10,9,"462,874.46","434,378.38",93.84,27,5,18.52,91,49,"48,264.26","60,812.97","5,698.38",87.26,No,"-28,496.08","4,773.39","8,864.86",0.19,Below Target
India,West,Gujarat Cluster,Gujarat,GJ001,Ahmedabad CG Road,Riya Patel,EMP0069,Employee 069,Sales Officer,May-2026,CASA,Accounts,Savings Account,30,26,"1,355,096.67","1,251,775.47",92.38,104,26,25.00,172,39,"48,145.21","100,142.04","6,620.96",83.22,Yes,"-103,321.20","7,277.76","32,096.81",0.25,Below Target
India,West,Gujarat Cluster,Gujarat,GJ001,Ahmedabad CG Road,Riya Patel,EMP0069,Employee 069,Sales Officer,Jun-2026,Loans,Retail Lending,Personal Loan,8,5,"5,060,252.08","3,503,065.80",69.23,20,6,30.00,98,47,"700,613.16","385,337.24","32,153.21",85.14,Yes,"-1,557,186.27","35,745.57","74,533.31",0.30,Below Target
India,West,Gujarat Cluster,Gujarat,GJ001,Ahmedabad CG Road,Riya Patel,EMP0070,Employee 070,Sales Officer,Jan-2026,Insurance,Insurance,Life Insurance,6,4,"751,246.00","574,516.34",76.48,16,2,12.50,169,20,"143,629.09","103,412.94","4,806.81",82.44,No,"-176,729.66","3,399.50","28,725.82",0.12,Below Target
India,West,Gujarat Cluster,Gujarat,GJ001,Ahmedabad CG Road,Riya Patel,EMP0070,Employee 070,Sales Officer,Feb-2026,CASA,Accounts,Current Account,11,14,"2,458,137.56","3,341,413.10",135.93,56,18,32.14,87,37,"238,672.36","334,141.31","26,829.96",84.86,No,"883,275.55","38,407.05","90,308.46",0.32,Achieved
India,West,Gujarat Cluster,Gujarat,GJ001,Ahmedabad CG Road,Riya Patel,EMP0070,Employee 070,Sales Officer,Mar-2026,CASA,Accounts,Current Account,11,11,"2,865,171.96","3,219,833.94",112.38,44,13,29.55,137,43,"292,712.18","321,983.39","26,525.74",87.84,No,"354,661.98","23,502.44","74,879.86",0.30,Achieved
India,West,Gujarat Cluster,Gujarat,GJ001,Ahmedabad CG Road,Riya Patel,EMP0070,Employee 070,Sales Officer,Apr-2026,Investments,Investments,Recurring Deposit,15,16,"598,837.76","697,635.50",116.50,80,9,11.25,134,38,"43,602.22","41,858.13","3,024.46",87.16,No,"98,797.73","5,206.24","18,358.83",0.11,Achieved
India,West,Gujarat Cluster,Gujarat,GJ001,Ahmedabad CG Road,Riya Patel,EMP0070,Employee 070,Sales Officer,May-2026,Cards,Cards,Credit Card,17,9,"866,754.06","519,295.05",59.91,54,16,29.63,110,48,"57,699.45","62,315.41","5,633.30",91.30,No,"-347,459.01","4,720.86","10,818.65",0.30,Below Target
India,West,Gujarat Cluster,Gujarat,GJ001,Ahmedabad CG Road,Riya Patel,EMP0070,Employee 070,Sales Officer,Jun-2026,CASA,Accounts,Current Account,11,8,"2,248,215.13","1,748,200.21",77.76,32,9,28.12,88,48,"218,525.03","174,820.02","16,531.99",80.59,No,"-500,014.92","19,865.91","36,420.84",0.28,Below Target
India,West,Gujarat Cluster,Gujarat,GJ001,Ahmedabad CG Road,Riya Patel,EMP0071,Employee 071,Relationship Manager,Jan-2026,Cards,Cards,Credit Card,16,18,"995,564.58","1,030,330.47",103.49,108,15,13.89,169,24,"57,240.58","123,639.66","8,673.07",85.11,No,"34,765.89","6,096.63","42,930.44",0.14,Achieved
India,West,Gujarat Cluster,Gujarat,GJ001,Ahmedabad CG Road,Riya Patel,EMP0071,Employee 071,Relationship Manager,Feb-2026,Investments,Investments,Recurring Deposit,16,15,"655,683.39","613,285.07",93.53,90,26,28.89,85,21,"40,885.67","36,797.10","2,779.41",89.48,No,"-42,398.32","7,215.12","29,204.05",0.29,Below Target
India,West,Gujarat Cluster,Gujarat,GJ001,Ahmedabad CG Road,Riya Patel,EMP0071,Employee 071,Relationship Manager,Mar-2026,CASA,Accounts,Current Account,13,13,"2,679,601.92","2,781,528.38",103.80,52,7,13.46,127,20,"213,963.72","278,152.84","24,362.77",74.22,No,"101,926.46","21,901.80","139,076.42",0.13,Achieved
India,West,Gujarat Cluster,Gujarat,GJ001,Ahmedabad CG Road,Riya Patel,EMP0071,Employee 071,Relationship Manager,Apr-2026,CASA,Accounts,Savings Account,31,28,"1,161,198.41","1,144,106.44",98.53,84,19,22.62,166,30,"40,860.94","91,528.52","9,049.92",87.13,No,"-17,091.97","6,892.21","38,136.88",0.23,Below Target
India,West,Gujarat Cluster,Gujarat,GJ001,Ahmedabad CG Road,Riya Patel,EMP0071,Employee 071,Relationship Manager,May-2026,Investments,Investments,Fixed Deposit,15,17,"2,955,254.24","3,437,492.39",116.32,85,27,31.76,101,45,"202,205.43","240,624.47","21,294.33",97.10,No,"482,238.16","34,034.58","76,388.72",0.32,Achieved
India,West,Gujarat Cluster,Gujarat,GJ001,Ahmedabad CG Road,Riya Patel,EMP0071,Employee 071,Relationship Manager,Jun-2026,CASA,Accounts,Savings Account,39,57,"1,242,900.50","1,949,059.74",156.82,228,70,30.70,129,31,"34,194.03","155,924.78","10,222.41",92.77,Yes,"706,159.25","15,108.99","62,872.89",0.31,Achieved
India,West,Gujarat Cluster,Gujarat,GJ001,Ahmedabad CG Road,Riya Patel,EMP0072,Employee 072,Relationship Manager,Jan-2026,Loans,Retail Lending,Personal Loan,10,12,"4,314,377.68","5,952,979.14",137.98,36,5,13.89,128,16,"496,081.60","654,827.71","41,053.42",99.72,No,"1,638,601.46","46,507.65","372,061.20",0.14,Achieved
India,West,Gujarat Cluster,Gujarat,GJ001,Ahmedabad CG Road,Riya Patel,EMP0072,Employee 072,Relationship Manager,Feb-2026,Insurance,Insurance,General Insurance,8,5,"464,824.72","318,431.58",68.51,20,3,15.00,157,47,"63,686.32","44,580.42","2,023.31",96.03,Yes,"-146,393.14","2,028.23","6,775.14",0.15,Below Target
India,West,Gujarat Cluster,Gujarat,GJ001,Ahmedabad CG Road,Riya Patel,EMP0072,Employee 072,Relationship Manager,Mar-2026,CASA,Accounts,Current Account,13,8,"2,382,129.22","1,407,999.36",59.11,32,10,31.25,109,25,"175,999.92","140,799.94","7,661.37",83.94,No,"-974,129.87","12,917.43","56,319.97",0.31,Below Target
India,West,Gujarat Cluster,Gujarat,GJ001,Ahmedabad CG Road,Riya Patel,EMP0072,Employee 072,Relationship Manager,Apr-2026,Insurance,Insurance,Life Insurance,7,5,"637,265.40","527,692.55",82.81,15,2,13.33,151,34,"105,538.51","94,984.66","7,122.68",95.48,No,"-109,572.84","3,494.65","15,520.37",0.13,Below Target
India,West,Gujarat Cluster,Gujarat,GJ001,Ahmedabad CG Road,Riya Patel,EMP0072,Employee 072,Relationship Manager,May-2026,Investments,Investments,Mutual Fund,8,4,"2,026,372.34","1,230,860.63",60.74,16,2,12.50,118,32,"307,715.16","123,086.06","11,048.59",86.63,No,"-795,511.71","10,431.02","38,464.39",0.12,Below Target
India,West,Gujarat Cluster,Gujarat,GJ001,Ahmedabad CG Road,Riya Patel,EMP0072,Employee 072,Relationship Manager,Jun-2026,CASA,Accounts,Savings Account,37,38,"1,312,250.42","1,316,188.27",100.30,190,57,30.00,95,49,"34,636.53","105,295.06","10,439.59",93.95,No,"3,937.85","13,854.61","26,860.99",0.30,Achieved
India,West,Gujarat Cluster,Gujarat,GJ002,Surat Ring Road,Harsh Desai,EMP0073,Employee 073,Relationship Manager,Jan-2026,Loans,Retail Lending,Home Loan,3,3,"7,355,721.82","7,985,401.28",108.56,18,3,16.67,141,43,"2,661,800.43","638,832.10","43,346.19",90.66,No,"629,679.46","56,634.05","185,707.01",0.17,Achieved
India,West,Gujarat Cluster,Gujarat,GJ002,Surat Ring Road,Harsh Desai,EMP0073,Employee 073,Relationship Manager,Feb-2026,Loans,Retail Lending,Home Loan,4,4,"7,745,364.19","8,510,314.01",109.88,16,2,12.50,153,17,"2,127,578.50","680,825.12","66,745.56",82.84,No,"764,949.82","55,622.97","500,606.71",0.12,Achieved
India,West,Gujarat Cluster,Gujarat,GJ002,Surat Ring Road,Harsh Desai,EMP0073,Employee 073,Relationship Manager,Mar-2026,Investments,Investments,Recurring Deposit,16,20,"797,041.44","1,048,987.25",131.61,80,14,17.50,167,40,"52,449.36","62,939.24","4,447.18",91.18,No,"251,945.81","6,281.36","26,224.68",0.18,Achieved
India,West,Gujarat Cluster,Gujarat,GJ002,Surat Ring Road,Harsh Desai,EMP0073,Employee 073,Relationship Manager,Apr-2026,Insurance,Insurance,Life Insurance,7,8,"710,638.70","785,785.81",110.57,40,13,32.50,124,26,"98,223.23","141,441.45","11,605.55",79.69,No,"75,147.11","6,336.98","30,222.53",0.32,Achieved
India,West,Gujarat Cluster,Gujarat,GJ002,Surat Ring Road,Harsh Desai,EMP0073,Employee 073,Relationship Manager,May-2026,Loans,Retail Lending,Personal Loan,8,10,"5,036,486.38","6,106,604.57",121.25,60,18,30.00,163,21,"610,660.46","671,726.50","49,257.59",78.67,No,"1,070,118.19","37,463.83","290,790.69",0.30,Achieved
India,West,Gujarat Cluster,Gujarat,GJ002,Surat Ring Road,Harsh Desai,EMP0073,Employee 073,Relationship Manager,Jun-2026,Loans,Retail Lending,Home Loan,3,3,"8,322,383.66","8,809,372.64",105.85,15,4,26.67,78,29,"2,936,457.55","704,749.81","34,133.03",91.00,No,"486,988.98","112,940.67","303,771.47",0.27,Achieved
India,West,Gujarat Cluster,Gujarat,GJ002,Surat Ring Road,Harsh Desai,EMP0074,Employee 074,Sales Officer,Jan-2026,Insurance,Insurance,Life Insurance,7,8,"735,054.76","839,859.58",114.26,32,5,15.62,79,26,"104,982.45","151,174.72","7,796.42",74.86,No,"104,804.82","10,631.13","32,302.29",0.16,Achieved
India,West,Gujarat Cluster,Gujarat,GJ002,Surat Ring Road,Harsh Desai,EMP0074,Employee 074,Sales Officer,Feb-2026,CASA,Accounts,Current Account,12,10,"2,548,312.44","2,361,019.08",92.65,30,8,26.67,154,36,"236,101.91","236,101.91","22,170.28",83.07,No,"-187,293.36","15,331.29","65,583.86",0.27,Below Target
India,West,Gujarat Cluster,Gujarat,GJ002,Surat Ring Road,Harsh Desai,EMP0074,Employee 074,Sales Officer,Mar-2026,Loans,Retail Lending,Personal Loan,10,10,"4,084,231.55","4,301,612.79",105.32,50,6,12.00,81,23,"430,161.28","473,177.41","30,507.35",88.87,No,"217,381.24","53,106.33","187,026.64",0.12,Achieved
India,West,Gujarat Cluster,Gujarat,GJ002,Surat Ring Road,Harsh Desai,EMP0074,Employee 074,Sales Officer,Apr-2026,Investments,Investments,Mutual Fund,8,5,"1,630,319.56","967,149.85",59.32,30,7,23.33,123,35,"193,429.97","96,714.98","8,540.61",88.63,No,"-663,169.71","7,863.01","27,632.85",0.23,Below Target
India,West,Gujarat Cluster,Gujarat,GJ002,Surat Ring Road,Harsh Desai,EMP0074,Employee 074,Sales Officer,May-2026,Cards,Cards,Debit Card,28,26,"373,593.11","374,241.11",100.17,78,17,21.79,113,24,"14,393.89","14,969.64","1,425.59",94.03,No,648.00,"3,311.87","15,593.38",0.22,Achieved
India,West,Gujarat Cluster,Gujarat,GJ002,Surat Ring Road,Harsh Desai,EMP0074,Employee 074,Sales Officer,Jun-2026,CASA,Accounts,Savings Account,33,28,"1,262,192.16","1,038,628.98",82.29,112,29,25.89,108,38,"37,093.89","83,090.32","5,693.61",89.18,No,"-223,563.18","9,616.93","27,332.34",0.26,Below Target
India,West,Gujarat Cluster,Gujarat,GJ002,Surat Ring Road,Harsh Desai,EMP0075,Employee 075,Relationship Manager,Jan-2026,Loans,Retail Lending,Home Loan,3,2,"8,512,524.20","7,875,105.16",92.51,12,4,33.33,94,25,"3,937,552.58","630,008.41","55,135.90",92.43,No,"-637,419.04","83,777.71","315,004.21",0.33,Below Target
India,West,Gujarat Cluster,Gujarat,GJ002,Surat Ring Road,Harsh Desai,EMP0075,Employee 075,Relationship Manager,Feb-2026,Insurance,Insurance,Life Insurance,7,6,"650,105.76","627,277.42",96.49,24,6,25.00,120,32,"104,546.24","112,909.94","6,768.45",83.95,No,"-22,828.34","5,227.31","19,602.42",0.25,Below Target
India,West,Gujarat Cluster,Gujarat,GJ002,Surat Ring Road,Harsh Desai,EMP0075,Employee 075,Relationship Manager,Mar-2026,Investments,Investments,Mutual Fund,9,7,"1,999,020.80","1,770,157.99",88.55,21,5,23.81,109,39,"252,879.71","177,015.80","10,109.79",78.12,No,"-228,862.80","16,239.98","45,388.67",0.24,Below Target
India,West,Gujarat Cluster,Gujarat,GJ002,Surat Ring Road,Harsh Desai,EMP0075,Employee 075,Relationship Manager,Apr-2026,Loans,Retail Lending,Auto Loan,5,3,"1,441,484.42","1,020,891.18",70.82,12,1,8.33,77,32,"340,297.06","91,880.21","8,707.31",83.48,No,"-420,593.24","13,258.33","31,902.85",0.08,Below Target
India,West,Gujarat Cluster,Gujarat,GJ002,Surat Ring Road,Harsh Desai,EMP0075,Employee 075,Relationship Manager,May-2026,Cards,Cards,Credit Card,19,15,"915,988.90","741,753.93",80.98,90,29,32.22,177,42,"49,450.26","89,010.47","6,406.05",79.39,No,"-174,234.97","4,190.70","17,660.81",0.32,Below Target
India,West,Gujarat Cluster,Gujarat,GJ002,Surat Ring Road,Harsh Desai,EMP0075,Employee 075,Relationship Manager,Jun-2026,Investments,Investments,Mutual Fund,9,9,"1,840,859.24","1,803,404.13",97.97,54,15,27.78,142,46,"200,378.24","180,340.41","8,951.31",84.22,No,"-37,455.11","12,700.03","39,204.44",0.28,Below Target
India,West,Gujarat Cluster,Gujarat,GJ002,Surat Ring Road,Harsh Desai,EMP0076,Employee 076,Sales Officer,Jan-2026,Loans,Retail Lending,Home Loan,3,2,"7,739,577.12","6,382,053.29",82.46,12,2,16.67,168,29,"3,191,026.65","510,564.26","26,060.57",90.23,No,"-1,357,523.82","37,988.41","220,070.80",0.17,Below Target
India,West,Gujarat Cluster,Gujarat,GJ002,Surat Ring Road,Harsh Desai,EMP0076,Employee 076,Sales Officer,Feb-2026,CASA,Accounts,Savings Account,39,45,"1,378,383.95","1,591,538.68",115.46,135,20,14.81,160,27,"35,367.53","127,323.09","6,088.74",81.08,No,"213,154.73","9,947.12","58,945.88",0.15,Achieved
India,West,Gujarat Cluster,Gujarat,GJ002,Surat Ring Road,Harsh Desai,EMP0076,Employee 076,Sales Officer,Mar-2026,Loans,Retail Lending,Home Loan,3,3,"7,247,381.89","7,781,436.94",107.37,18,5,27.78,161,23,"2,593,812.31","622,514.96","45,008.94",91.06,Yes,"534,055.05","48,331.91","338,323.35",0.28,Achieved
India,West,Gujarat Cluster,Gujarat,GJ002,Surat Ring Road,Harsh Desai,EMP0076,Employee 076,Sales Officer,Apr-2026,Cards,Cards,Credit Card,20,15,"815,471.49","623,205.97",76.42,45,12,26.67,147,25,"41,547.06","74,784.72","7,201.09",90.03,No,"-192,265.52","4,239.50","24,928.24",0.27,Below Target
India,West,Gujarat Cluster,Gujarat,GJ002,Surat Ring Road,Harsh Desai,EMP0076,Employee 076,Sales Officer,May-2026,CASA,Accounts,Savings Account,39,44,"1,379,106.53","1,425,446.10",103.36,220,63,28.64,74,43,"32,396.50","114,035.69","7,210.86",79.23,No,"46,339.57","19,262.79","33,149.91",0.29,Achieved
India,West,Gujarat Cluster,Gujarat,GJ002,Surat Ring Road,Harsh Desai,EMP0076,Employee 076,Sales Officer,Jun-2026,Investments,Investments,Mutual Fund,7,6,"1,659,067.85","1,645,428.58",99.18,18,5,27.78,87,49,"274,238.10","164,542.86","11,938.31",85.39,No,"-13,639.27","18,912.97","33,580.18",0.28,Below Target
India,West,Gujarat Cluster,Gujarat,GJ002,Surat Ring Road,Harsh Desai,EMP0077,Employee 077,Sales Officer,Jan-2026,Loans,Retail Lending,Home Loan,3,2,"7,968,818.30","6,240,375.90",78.31,12,2,16.67,175,15,"3,120,187.95","499,230.07","25,002.04",87.77,No,"-1,728,442.40","35,659.29","416,025.06",0.17,Below Target
India,West,Gujarat Cluster,Gujarat,GJ002,Surat Ring Road,Harsh Desai,EMP0077,Employee 077,Sales Officer,Feb-2026,Investments,Investments,Recurring Deposit,20,20,"626,866.01","658,238.25",105.00,80,24,30.00,73,23,"32,911.91","39,494.29","2,966.72",83.55,No,"31,372.24","9,016.96","28,619.05",0.30,Achieved
India,West,Gujarat Cluster,Gujarat,GJ002,Surat Ring Road,Harsh Desai,EMP0077,Employee 077,Sales Officer,Mar-2026,CASA,Accounts,Savings Account,30,38,"1,152,570.04","1,600,959.67",138.90,190,45,23.68,124,38,"42,130.52","128,076.77","8,710.85",96.90,No,"448,389.63","12,910.97","42,130.52",0.24,Achieved
India,West,Gujarat Cluster,Gujarat,GJ002,Surat Ring Road,Harsh Desai,EMP0077,Employee 077,Sales Officer,Apr-2026,Insurance,Insurance,General Insurance,9,9,"446,639.63","478,067.47",107.04,54,15,27.78,155,26,"53,118.61","66,929.45","4,884.71",90.18,No,"31,427.84","3,084.31","18,387.21",0.28,Achieved
India,West,Gujarat Cluster,Gujarat,GJ002,Surat Ring Road,Harsh Desai,EMP0077,Employee 077,Sales Officer,May-2026,Investments,Investments,Mutual Fund,8,9,"1,559,489.56","1,931,311.52",123.84,27,5,18.52,86,27,"214,590.17","193,131.15","15,267.02",84.66,No,"371,821.96","22,457.11","71,530.06",0.19,Achieved
India,West,Gujarat Cluster,Gujarat,GJ002,Surat Ring Road,Harsh Desai,EMP0077,Employee 077,Sales Officer,Jun-2026,Loans,Retail Lending,Home Loan,3,3,"7,805,078.09","9,080,176.23",116.34,18,3,16.67,135,19,"3,026,725.41","726,414.10","29,367.85",83.02,No,"1,275,098.15","67,260.56","477,904.01",0.17,Achieved
India,West,Gujarat Cluster,Gujarat,GJ002,Surat Ring Road,Harsh Desai,EMP0078,Employee 078,Sales Officer,Jan-2026,Cards,Cards,Debit Card,31,30,"400,789.72","355,715.46",88.75,180,26,14.44,172,28,"11,857.18","14,228.62",726.49,94.83,No,"-45,074.25","2,068.11","12,704.12",0.14,Below Target
India,West,Gujarat Cluster,Gujarat,GJ002,Surat Ring Road,Harsh Desai,EMP0078,Employee 078,Sales Officer,Feb-2026,Insurance,Insurance,General Insurance,11,10,"444,203.05","388,237.75",87.40,40,4,10.00,147,47,"38,823.78","54,353.29","4,027.90",79.07,No,"-55,965.30","2,641.07","8,260.38",0.10,Below Target
India,West,Gujarat Cluster,Gujarat,GJ002,Surat Ring Road,Harsh Desai,EMP0078,Employee 078,Sales Officer,Mar-2026,Loans,Retail Lending,Home Loan,4,1,"9,504,530.45","3,707,009.68",39.00,6,2,33.33,149,37,"3,707,009.68","296,560.77","12,761.14",84.53,No,"-5,797,520.77","24,879.26","100,189.45",0.33,Below Target
India,West,Gujarat Cluster,Gujarat,GJ002,Surat Ring Road,Harsh Desai,EMP0078,Employee 078,Sales Officer,Apr-2026,Insurance,Insurance,General Insurance,9,5,"437,170.76","282,836.55",64.70,25,7,28.00,168,17,"56,567.31","39,597.12","3,318.24",92.23,No,"-154,334.21","1,683.55","16,637.44",0.28,Below Target
India,West,Gujarat Cluster,Gujarat,GJ002,Surat Ring Road,Harsh Desai,EMP0078,Employee 078,Sales Officer,May-2026,Cards,Cards,Debit Card,31,30,"338,755.48","315,802.41",93.22,90,29,32.22,150,16,"10,526.75","12,632.10","1,215.95",95.64,No,"-22,953.07","2,105.35","19,737.65",0.32,Below Target
India,West,Gujarat Cluster,Gujarat,GJ002,Surat Ring Road,Harsh Desai,EMP0078,Employee 078,Sales Officer,Jun-2026,Cards,Cards,Credit Card,16,14,"886,484.79","846,925.53",95.54,42,7,16.67,151,21,"60,494.68","101,631.06","7,317.38",88.17,No,"-39,559.26","5,608.78","40,329.79",0.17,Below Target
India,West,Gujarat Cluster,Gujarat,GJ002,Surat Ring Road,Harsh Desai,EMP0079,Employee 079,Sales Officer,Jan-2026,Cards,Cards,Credit Card,16,13,"789,451.06","710,392.53",89.99,52,10,19.23,157,25,"54,645.58","85,247.10","4,281.77",85.91,No,"-79,058.53","4,524.79","28,415.70",0.19,Below Target
India,West,Gujarat Cluster,Gujarat,GJ002,Surat Ring Road,Harsh Desai,EMP0079,Employee 079,Sales Officer,Feb-2026,Investments,Investments,Mutual Fund,8,8,"1,712,510.04","1,861,952.71",108.73,24,4,16.67,70,24,"232,744.09","186,195.27","10,361.94",73.30,No,"149,442.67","26,599.32","77,581.36",0.17,Achieved
India,West,Gujarat Cluster,Gujarat,GJ002,Surat Ring Road,Harsh Desai,EMP0079,Employee 079,Sales Officer,Mar-2026,Cards,Cards,Debit Card,34,9,"357,475.91","105,023.39",29.38,45,14,31.11,151,22,"11,669.27","4,200.94",315.01,92.14,No,"-252,452.52",695.52,"4,773.79",0.31,Below Target
India,West,Gujarat Cluster,Gujarat,GJ002,Surat Ring Road,Harsh Desai,EMP0079,Employee 079,Sales Officer,Apr-2026,Cards,Cards,Debit Card,27,20,"358,527.63","282,607.24",78.82,120,41,34.17,104,32,"14,130.36","11,304.29",620.13,85.93,No,"-75,920.39","2,717.38","8,831.48",0.34,Below Target
India,West,Gujarat Cluster,Gujarat,GJ002,Surat Ring Road,Harsh Desai,EMP0079,Employee 079,Sales Officer,May-2026,Loans,Retail Lending,Home Loan,4,3,"7,634,615.71","6,271,566.43",82.15,15,2,13.33,89,18,"2,090,522.14","501,725.31","44,806.65",94.46,No,"-1,363,049.28","70,467.04","348,420.36",0.13,Below Target
India,West,Gujarat Cluster,Gujarat,GJ002,Surat Ring Road,Harsh Desai,EMP0079,Employee 079,Sales Officer,Jun-2026,Cards,Cards,Debit Card,28,27,"317,687.08","298,160.91",93.85,162,38,23.46,135,24,"11,043.00","11,926.44",850.95,74.04,No,"-19,526.17","2,208.60","12,423.37",0.23,Below Target
India,West,Gujarat Cluster,Gujarat,GJ002,Surat Ring Road,Harsh Desai,EMP0080,Employee 080,Relationship Manager,Jan-2026,Cards,Cards,Debit Card,30,38,"306,800.73","409,724.03",133.55,152,35,23.03,114,48,"10,782.21","16,388.96","1,483.16",94.81,No,"102,923.31","3,594.07","8,535.92",0.23,Achieved
India,West,Gujarat Cluster,Gujarat,GJ002,Surat Ring Road,Harsh Desai,EMP0080,Employee 080,Relationship Manager,Feb-2026,CASA,Accounts,Current Account,13,7,"2,632,858.73","1,386,008.76",52.64,21,3,14.29,117,31,"198,001.25","138,600.88","10,701.94",82.77,No,"-1,246,849.96","11,846.23","44,709.96",0.14,Below Target
India,West,Gujarat Cluster,Gujarat,GJ002,Surat Ring Road,Harsh Desai,EMP0080,Employee 080,Relationship Manager,Mar-2026,Loans,Retail Lending,Home Loan,3,3,"9,163,836.96","10,183,631.45",111.13,9,1,11.11,152,35,"3,394,543.82","814,690.52","51,696.22",84.59,Yes,"1,019,794.48","66,997.58","290,960.90",0.11,Achieved
India,West,Gujarat Cluster,Gujarat,GJ002,Surat Ring Road,Harsh Desai,EMP0080,Employee 080,Relationship Manager,Apr-2026,Investments,Investments,Recurring Deposit,16,10,"745,487.32","464,797.49",62.35,60,14,23.33,109,27,"46,479.75","27,887.85","2,551.72",73.26,No,"-280,689.84","4,264.20","17,214.72",0.23,Below Target
India,West,Gujarat Cluster,Gujarat,GJ002,Surat Ring Road,Harsh Desai,EMP0080,Employee 080,Relationship Manager,May-2026,Investments,Investments,Recurring Deposit,16,11,"728,482.72","581,522.73",79.83,33,7,21.21,121,42,"52,865.70","34,891.36","2,847.23",91.49,No,"-146,959.99","4,805.97","13,845.78",0.21,Below Target
India,West,Gujarat Cluster,Gujarat,GJ002,Surat Ring Road,Harsh Desai,EMP0080,Employee 080,Relationship Manager,Jun-2026,Investments,Investments,Recurring Deposit,17,14,"747,673.89","660,910.65",88.40,70,9,12.86,126,26,"47,207.90","39,654.64","2,850.72",94.30,No,"-86,763.24","5,245.32","25,419.64",0.13,Below Target
India,South,Bengaluru Cluster,Karnataka,KA001,Bengaluru MG Road,Arjun Rao,EMP0081,Employee 081,Sales Officer,Jan-2026,Cards,Cards,Credit Card,17,9,"855,119.68","507,944.95",59.40,45,7,15.56,79,48,"56,438.33","60,953.39","4,064.23",91.52,No,"-347,174.73","6,429.68","10,582.19",0.16,Below Target
India,South,Bengaluru Cluster,Karnataka,KA001,Bengaluru MG Road,Arjun Rao,EMP0081,Employee 081,Sales Officer,Feb-2026,Cards,Cards,Debit Card,26,28,"366,009.98","367,071.49",100.29,168,38,22.62,140,31,"13,109.70","14,682.86",988.22,86.65,No,"1,061.52","2,621.94","11,841.02",0.23,Achieved
India,South,Bengaluru Cluster,Karnataka,KA001,Bengaluru MG Road,Arjun Rao,EMP0081,Employee 081,Sales Officer,Mar-2026,Cards,Cards,Debit Card,32,33,"378,115.28","368,726.55",97.52,198,25,12.63,141,47,"11,173.53","14,749.06",995.59,85.73,No,"-9,388.74","2,615.08","7,845.25",0.13,Below Target
India,South,Bengaluru Cluster,Karnataka,KA001,Bengaluru MG Road,Arjun Rao,EMP0081,Employee 081,Sales Officer,Apr-2026,Cards,Cards,Debit Card,28,27,"325,336.89","320,714.04",98.58,162,49,30.25,166,30,"11,878.30","12,828.56",593.43,95.81,No,"-4,622.85","1,932.01","10,690.47",0.30,Below Target
India,South,Bengaluru Cluster,Karnataka,KA001,Bengaluru MG Road,Arjun Rao,EMP0081,Employee 081,Sales Officer,May-2026,Investments,Investments,Mutual Fund,7,10,"2,021,759.10","3,025,178.24",149.63,50,15,30.00,93,41,"302,517.82","302,517.82","17,831.79",90.09,No,"1,003,419.14","32,528.80","73,784.84",0.30,Achieved
India,South,Bengaluru Cluster,Karnataka,KA001,Bengaluru MG Road,Arjun Rao,EMP0081,Employee 081,Sales Officer,Jun-2026,Investments,Investments,Fixed Deposit,13,11,"2,896,552.25","2,674,309.92",92.33,44,15,34.09,165,40,"243,119.08","187,201.69","13,182.74",85.17,No,"-222,242.33","16,207.94","66,857.75",0.34,Below Target
India,South,Bengaluru Cluster,Karnataka,KA001,Bengaluru MG Road,Arjun Rao,EMP0082,Employee 082,Senior Sales Officer,Jan-2026,Cards,Cards,Credit Card,20,13,"836,158.90","520,063.61",62.20,78,21,26.92,171,25,"40,004.89","62,407.63","5,212.26",96.55,No,"-316,095.29","3,041.31","20,802.54",0.27,Below Target
India,South,Bengaluru Cluster,Karnataka,KA001,Bengaluru MG Road,Arjun Rao,EMP0082,Employee 082,Senior Sales Officer,Feb-2026,Cards,Cards,Credit Card,18,20,"799,654.48","924,019.22",115.55,100,29,29.00,112,34,"46,200.96","110,882.31","4,701.06",95.50,No,"124,364.74","8,250.17","27,177.04",0.29,Achieved
India,South,Bengaluru Cluster,Karnataka,KA001,Bengaluru MG Road,Arjun Rao,EMP0082,Employee 082,Senior Sales Officer,Mar-2026,CASA,Accounts,Current Account,13,13,"2,768,747.82","2,845,734.77",102.78,52,17,32.69,79,26,"218,902.67","284,573.48","18,177.88",83.35,Yes,"76,986.94","36,021.96","109,451.34",0.33,Achieved
India,South,Bengaluru Cluster,Karnataka,KA001,Bengaluru MG Road,Arjun Rao,EMP0082,Employee 082,Senior Sales Officer,Apr-2026,Cards,Cards,Credit Card,19,23,"953,874.25","1,155,228.60",121.11,92,17,18.48,84,30,"50,227.33","138,627.43","5,876.12",91.71,No,"201,354.35","13,752.72","38,507.62",0.18,Achieved
India,South,Bengaluru Cluster,Karnataka,KA001,Bengaluru MG Road,Arjun Rao,EMP0082,Employee 082,Senior Sales Officer,May-2026,Loans,Retail Lending,Home Loan,4,3,"9,103,907.46","9,095,280.46",99.91,12,2,16.67,115,39,"3,031,760.15","727,622.44","67,397.65",90.60,No,"-8,627.00","79,089.40","233,212.32",0.17,Below Target
India,South,Bengaluru Cluster,Karnataka,KA001,Bengaluru MG Road,Arjun Rao,EMP0082,Employee 082,Senior Sales Officer,Jun-2026,Loans,Retail Lending,Auto Loan,5,3,"1,662,903.71","1,055,207.76",63.46,18,2,11.11,127,45,"351,735.92","94,968.70","7,399.28",96.65,No,"-607,695.95","8,308.72","23,449.06",0.11,Below Target
India,South,Bengaluru Cluster,Karnataka,KA001,Bengaluru MG Road,Arjun Rao,EMP0083,Employee 083,Relationship Manager,Jan-2026,Investments,Investments,Fixed Deposit,16,19,"2,720,499.09","3,219,532.77",118.34,95,24,25.26,173,43,"169,449.09","225,367.29","9,251.30",94.46,No,"499,033.68","18,610.02","74,872.86",0.25,Achieved
India,South,Bengaluru Cluster,Karnataka,KA001,Bengaluru MG Road,Arjun Rao,EMP0083,Employee 083,Relationship Manager,Feb-2026,Cards,Cards,Credit Card,20,11,"1,025,970.91","562,549.19",54.83,33,8,24.24,161,22,"51,140.84","67,505.90","5,704.32",90.39,No,"-463,421.72","3,494.09","25,570.42",0.24,Below Target
India,South,Bengaluru Cluster,Karnataka,KA001,Bengaluru MG Road,Arjun Rao,EMP0083,Employee 083,Relationship Manager,Mar-2026,Cards,Cards,Debit Card,31,22,"329,610.42","249,686.98",75.75,110,37,33.64,143,39,"11,349.41","9,987.48",462.81,94.86,No,"-79,923.44","1,746.06","6,402.23",0.34,Below Target
India,South,Bengaluru Cluster,Karnataka,KA001,Bengaluru MG Road,Arjun Rao,EMP0083,Employee 083,Relationship Manager,Apr-2026,Investments,Investments,Fixed Deposit,15,19,"3,301,012.43","3,981,860.59",120.63,57,13,22.81,93,34,"209,571.61","278,730.24","21,859.93",91.81,No,"680,848.16","42,815.71","117,113.55",0.23,Achieved
India,South,Bengaluru Cluster,Karnataka,KA001,Bengaluru MG Road,Arjun Rao,EMP0083,Employee 083,Relationship Manager,May-2026,CASA,Accounts,Savings Account,37,42,"1,098,382.40","1,302,476.65",118.58,126,41,32.54,134,38,"31,011.35","104,198.13","5,069.70",83.57,No,"204,094.25","9,719.98","34,275.70",0.33,Achieved
India,South,Bengaluru Cluster,Karnataka,KA001,Bengaluru MG Road,Arjun Rao,EMP0083,Employee 083,Relationship Manager,Jun-2026,Investments,Investments,Mutual Fund,8,6,"1,666,824.88","1,495,796.97",89.74,30,8,26.67,80,15,"249,299.49","149,579.70","12,757.60",83.52,No,"-171,027.91","18,697.46","99,719.80",0.27,Below Target
India,South,Bengaluru Cluster,Karnataka,KA001,Bengaluru MG Road,Arjun Rao,EMP0084,Employee 084,Sales Officer,Jan-2026,Loans,Retail Lending,Personal Loan,11,6,"4,090,500.76","2,601,100.73",63.59,24,7,29.17,140,46,"433,516.79","286,121.08","28,068.37",85.96,No,"-1,489,400.03","18,579.29","56,545.67",0.29,Below Target
India,South,Bengaluru Cluster,Karnataka,KA001,Bengaluru MG Road,Arjun Rao,EMP0084,Employee 084,Sales Officer,Feb-2026,Loans,Retail Lending,Home Loan,3,3,"7,406,145.42","8,060,535.88",108.84,18,2,11.11,158,30,"2,686,845.29","644,842.87","42,157.64",78.36,No,"654,390.45","51,016.05","268,684.53",0.11,Achieved
India,South,Bengaluru Cluster,Karnataka,KA001,Bengaluru MG Road,Arjun Rao,EMP0084,Employee 084,Sales Officer,Mar-2026,Loans,Retail Lending,Personal Loan,9,9,"3,956,773.55","4,014,750.66",101.47,54,9,16.67,151,30,"446,083.41","441,622.57","35,042.42",81.72,No,"57,977.11","26,587.75","133,825.02",0.17,Achieved
India,South,Bengaluru Cluster,Karnataka,KA001,Bengaluru MG Road,Arjun Rao,EMP0084,Employee 084,Sales Officer,Apr-2026,Loans,Retail Lending,Auto Loan,6,5,"1,427,484.12","1,314,348.75",92.07,15,2,13.33,117,28,"262,869.75","118,291.39","11,686.87",79.33,Yes,"-113,135.37","11,233.75","46,941.03",0.13,Below Target
India,South,Bengaluru Cluster,Karnataka,KA001,Bengaluru MG Road,Arjun Rao,EMP0084,Employee 084,Sales Officer,May-2026,Cards,Cards,Debit Card,33,25,"383,296.25","293,738.86",76.63,75,16,21.33,81,49,"11,749.55","11,749.55",874.24,82.86,No,"-89,557.39","3,626.41","5,994.67",0.21,Below Target
India,South,Bengaluru Cluster,Karnataka,KA001,Bengaluru MG Road,Arjun Rao,EMP0084,Employee 084,Sales Officer,Jun-2026,Investments,Investments,Fixed Deposit,14,16,"3,338,116.61","3,692,947.00",110.63,48,12,25.00,147,39,"230,809.19","258,506.29","14,328.78",78.63,No,"354,830.38","25,122.09","94,690.95",0.25,Achieved
India,South,Bengaluru Cluster,Karnataka,KA001,Bengaluru MG Road,Arjun Rao,EMP0085,Employee 085,Sales Officer,Jan-2026,Loans,Retail Lending,Home Loan,4,2,"7,824,329.81","6,035,681.55",77.14,10,3,30.00,175,32,"3,017,840.78","482,854.52","45,753.51",90.52,No,"-1,788,648.26","34,489.61","188,615.05",0.30,Below Target
India,South,Bengaluru Cluster,Karnataka,KA001,Bengaluru MG Road,Arjun Rao,EMP0085,Employee 085,Sales Officer,Feb-2026,Insurance,Insurance,General Insurance,9,12,"393,834.95","594,724.43",151.01,36,5,13.89,100,23,"49,560.37","83,261.42","3,639.00",82.16,No,"200,889.48","5,947.24","25,857.58",0.14,Achieved
India,South,Bengaluru Cluster,Karnataka,KA001,Bengaluru MG Road,Arjun Rao,EMP0085,Employee 085,Sales Officer,Mar-2026,Loans,Retail Lending,Personal Loan,10,9,"4,335,726.07","3,695,556.60",85.24,36,7,19.44,72,18,"410,617.40","406,511.23","26,410.89",84.51,No,"-640,169.47","51,327.18","205,308.70",0.19,Below Target
India,South,Bengaluru Cluster,Karnataka,KA001,Bengaluru MG Road,Arjun Rao,EMP0085,Employee 085,Sales Officer,Apr-2026,Investments,Investments,Mutual Fund,8,10,"1,661,602.43","2,101,277.96",126.46,30,6,20.00,113,24,"210,127.80","210,127.80","17,632.32",94.14,No,"439,675.52","18,595.38","87,553.25",0.20,Achieved
India,South,Bengaluru Cluster,Karnataka,KA001,Bengaluru MG Road,Arjun Rao,EMP0085,Employee 085,Sales Officer,May-2026,Insurance,Insurance,General Insurance,8,8,"461,102.06","442,670.89",96.00,40,9,22.50,93,20,"55,333.86","61,973.92","5,440.28",99.56,No,"-18,431.16","4,759.90","22,133.54",0.22,Below Target
India,South,Bengaluru Cluster,Karnataka,KA001,Bengaluru MG Road,Arjun Rao,EMP0085,Employee 085,Sales Officer,Jun-2026,Investments,Investments,Fixed Deposit,13,14,"3,369,194.99","3,600,321.96",106.86,84,11,13.10,115,36,"257,165.85","252,022.54","14,271.70",94.04,No,"231,126.97","31,307.15","100,008.94",0.13,Achieved
India,South,Bengaluru Cluster,Karnataka,KA001,Bengaluru MG Road,Arjun Rao,EMP0086,Employee 086,Sales Officer,Jan-2026,Investments,Investments,Mutual Fund,9,11,"1,633,867.04","2,086,386.46",127.70,55,11,20.00,148,22,"189,671.50","208,638.65","16,980.57",90.00,Yes,"452,519.42","14,097.21","94,835.75",0.20,Achieved
India,South,Bengaluru Cluster,Karnataka,KA001,Bengaluru MG Road,Arjun Rao,EMP0086,Employee 086,Sales Officer,Feb-2026,Investments,Investments,Fixed Deposit,13,16,"3,225,489.75","4,245,975.72",131.64,48,10,20.83,152,47,"265,373.48","297,218.30","16,044.18",69.66,No,"1,020,485.97","27,934.05","90,339.91",0.21,Achieved
India,South,Bengaluru Cluster,Karnataka,KA001,Bengaluru MG Road,Arjun Rao,EMP0086,Employee 086,Sales Officer,Mar-2026,Investments,Investments,Fixed Deposit,14,12,"2,612,377.00","2,328,074.78",89.12,36,6,16.67,82,42,"194,006.23","162,965.23","13,062.66",80.55,No,"-284,302.22","28,391.16","55,430.35",0.17,Below Target
India,South,Bengaluru Cluster,Karnataka,KA001,Bengaluru MG Road,Arjun Rao,EMP0086,Employee 086,Sales Officer,Apr-2026,Investments,Investments,Recurring Deposit,20,18,"742,437.34","690,051.63",92.94,108,25,23.15,107,16,"38,336.20","41,403.10","3,933.52",88.91,No,"-52,385.71","6,449.08","43,128.23",0.23,Below Target
India,South,Bengaluru Cluster,Karnataka,KA001,Bengaluru MG Road,Arjun Rao,EMP0086,Employee 086,Sales Officer,May-2026,Cards,Cards,Credit Card,15,17,"823,785.72","938,059.24",113.87,68,13,19.12,75,40,"55,179.96","112,567.11","8,102.95",98.27,No,"114,273.52","12,507.46","23,451.48",0.19,Achieved
India,South,Bengaluru Cluster,Karnataka,KA001,Bengaluru MG Road,Arjun Rao,EMP0086,Employee 086,Sales Officer,Jun-2026,Cards,Cards,Credit Card,16,15,"1,016,082.61","982,029.08",96.65,60,17,28.33,78,29,"65,468.61","117,843.49","8,024.91",94.54,No,"-34,053.53","12,590.12","33,863.07",0.28,Below Target
India,South,Bengaluru Cluster,Karnataka,KA001,Bengaluru MG Road,Arjun Rao,EMP0087,Employee 087,Senior Sales Officer,Jan-2026,Investments,Investments,Fixed Deposit,13,14,"3,436,118.31","4,046,325.06",117.76,84,22,26.19,88,17,"289,023.22","283,242.75","18,634.73",69.64,No,"610,206.75","45,980.97","238,019.12",0.26,Achieved
India,South,Bengaluru Cluster,Karnataka,KA001,Bengaluru MG Road,Arjun Rao,EMP0087,Employee 087,Senior Sales Officer,Feb-2026,Investments,Investments,Mutual Fund,8,5,"1,949,483.54","1,382,709.13",70.93,25,5,20.00,81,27,"276,541.83","138,270.91","9,754.94",93.12,No,"-566,774.41","17,070.48","51,211.45",0.20,Below Target
India,South,Bengaluru Cluster,Karnataka,KA001,Bengaluru MG Road,Arjun Rao,EMP0087,Employee 087,Senior Sales Officer,Mar-2026,Insurance,Insurance,Life Insurance,7,9,"639,537.06","829,070.93",129.64,36,4,11.11,164,30,"92,118.99","149,232.77","13,843.37",83.10,Yes,"189,533.87","5,055.31","27,635.70",0.11,Achieved
India,South,Bengaluru Cluster,Karnataka,KA001,Bengaluru MG Road,Arjun Rao,EMP0087,Employee 087,Senior Sales Officer,Apr-2026,Loans,Retail Lending,Personal Loan,8,9,"4,040,549.57","5,291,669.83",130.96,27,3,11.11,122,17,"587,963.31","582,083.68","45,393.86",91.69,No,"1,251,120.26","43,374.34","311,274.70",0.11,Achieved
India,South,Bengaluru Cluster,Karnataka,KA001,Bengaluru MG Road,Arjun Rao,EMP0087,Employee 087,Senior Sales Officer,May-2026,Cards,Cards,Credit Card,17,19,"1,020,731.29","1,168,475.93",114.47,114,14,12.28,97,31,"61,498.73","140,217.11","13,245.70",92.05,No,"147,744.64","12,046.14","37,692.77",0.12,Achieved
India,South,Bengaluru Cluster,Karnataka,KA001,Bengaluru MG Road,Arjun Rao,EMP0087,Employee 087,Senior Sales Officer,Jun-2026,Loans,Retail Lending,Home Loan,3,3,"8,607,169.03","10,834,830.23",125.88,9,1,11.11,80,19,"3,611,610.08","866,786.42","37,264.54",84.17,No,"2,227,661.20","135,435.38","570,254.22",0.11,Achieved
India,South,Bengaluru Cluster,Karnataka,KA001,Bengaluru MG Road,Arjun Rao,EMP0088,Employee 088,Sales Officer,Jan-2026,CASA,Accounts,Savings Account,40,33,"1,213,129.34","1,007,717.34",83.07,99,12,12.12,174,41,"30,536.89","80,617.39","7,734.11",77.27,No,"-205,412.00","5,791.48","24,578.47",0.12,Below Target
India,South,Bengaluru Cluster,Karnataka,KA001,Bengaluru MG Road,Arjun Rao,EMP0088,Employee 088,Sales Officer,Feb-2026,Loans,Retail Lending,Auto Loan,6,6,"1,702,579.00","1,982,876.05",116.46,36,9,25.00,71,46,"330,479.34","178,458.84","9,388.99",87.07,No,"280,297.04","27,927.83","43,106.00",0.25,Achieved
India,South,Bengaluru Cluster,Karnataka,KA001,Bengaluru MG Road,Arjun Rao,EMP0088,Employee 088,Sales Officer,Mar-2026,Loans,Retail Lending,Personal Loan,11,8,"4,652,706.92","3,200,321.73",68.78,40,10,25.00,163,19,"400,040.22","352,035.39","26,436.40",91.31,No,"-1,452,385.19","19,633.88","168,437.99",0.25,Below Target
India,South,Bengaluru Cluster,Karnataka,KA001,Bengaluru MG Road,Arjun Rao,EMP0088,Employee 088,Sales Officer,Apr-2026,Insurance,Insurance,General Insurance,11,12,"450,252.39","504,075.82",111.95,48,15,31.25,157,34,"42,006.32","70,570.62","5,135.77",91.47,No,"53,823.44","3,210.67","14,825.76",0.31,Achieved
India,South,Bengaluru Cluster,Karnataka,KA001,Bengaluru MG Road,Arjun Rao,EMP0088,Employee 088,Sales Officer,May-2026,Investments,Investments,Mutual Fund,7,6,"1,585,021.55","1,385,871.28",87.44,24,6,25.00,165,29,"230,978.55","138,587.13","7,486.67",88.56,No,"-199,150.26","8,399.22","47,788.66",0.25,Below Target
India,South,Bengaluru Cluster,Karnataka,KA001,Bengaluru MG Road,Arjun Rao,EMP0088,Employee 088,Sales Officer,Jun-2026,Cards,Cards,Credit Card,19,24,"868,978.65","1,091,368.27",125.59,72,10,13.89,85,49,"45,473.68","130,964.19","6,502.58",82.70,No,"222,389.62","12,839.63","22,272.82",0.14,Achieved
India,South,Bengaluru Cluster,Karnataka,KA002,Bengaluru Whitefield,Divya Nair,EMP0089,Employee 089,Relationship Manager,Jan-2026,CASA,Accounts,Savings Account,33,14,"1,210,536.28","549,574.26",45.40,42,9,21.43,146,32,"39,255.30","43,965.94","3,052.06",85.15,No,"-660,962.02","3,764.21","17,174.20",0.21,Below Target
India,South,Bengaluru Cluster,Karnataka,KA002,Bengaluru Whitefield,Divya Nair,EMP0089,Employee 089,Relationship Manager,Feb-2026,Cards,Cards,Debit Card,33,50,"373,736.44","621,438.13",166.28,200,60,30.00,170,48,"12,428.76","24,857.53","1,492.51",97.23,No,"247,701.69","3,655.52","12,946.63",0.30,Achieved
India,South,Bengaluru Cluster,Karnataka,KA002,Bengaluru Whitefield,Divya Nair,EMP0089,Employee 089,Relationship Manager,Mar-2026,Investments,Investments,Fixed Deposit,16,14,"2,703,484.24","2,448,577.75",90.57,42,5,11.90,85,49,"174,898.41","171,400.44","12,451.65",89.64,No,"-254,906.50","28,806.80","49,970.97",0.12,Below Target
India,South,Bengaluru Cluster,Karnataka,KA002,Bengaluru Whitefield,Divya Nair,EMP0089,Employee 089,Relationship Manager,Apr-2026,Investments,Investments,Mutual Fund,7,8,"1,680,180.57","1,981,579.68",117.94,32,7,21.88,89,39,"247,697.46","198,157.97","10,375.41",79.53,No,"301,399.11","22,264.94","50,809.74",0.22,Achieved
India,South,Bengaluru Cluster,Karnataka,KA002,Bengaluru Whitefield,Divya Nair,EMP0089,Employee 089,Relationship Manager,May-2026,Cards,Cards,Credit Card,17,23,"917,209.02","1,171,063.08",127.68,92,23,25.00,178,40,"50,915.79","140,527.57","12,520.73",85.06,No,"253,854.06","6,579.01","29,276.58",0.25,Achieved
India,South,Bengaluru Cluster,Karnataka,KA002,Bengaluru Whitefield,Divya Nair,EMP0089,Employee 089,Relationship Manager,Jun-2026,Cards,Cards,Debit Card,28,37,"392,620.73","483,230.23",123.08,111,26,23.42,105,38,"13,060.28","19,329.21","1,867.70",81.88,Yes,"90,609.50","4,602.19","12,716.58",0.23,Achieved
India,South,Bengaluru Cluster,Karnataka,KA002,Bengaluru Whitefield,Divya Nair,EMP0090,Employee 090,Sales Officer,Jan-2026,Loans,Retail Lending,Home Loan,4,2,"8,905,199.61","5,602,245.43",62.91,12,3,25.00,155,33,"2,801,122.72","448,179.63","23,361.30",90.33,No,"-3,302,954.17","36,143.52","169,765.01",0.25,Below Target
India,South,Bengaluru Cluster,Karnataka,KA002,Bengaluru Whitefield,Divya Nair,EMP0090,Employee 090,Sales Officer,Feb-2026,Investments,Investments,Recurring Deposit,16,16,"626,765.50","607,351.40",96.90,48,7,14.58,98,40,"37,959.46","36,441.08","2,143.05",98.43,No,"-19,414.10","6,197.46","15,183.79",0.15,Below Target
India,South,Bengaluru Cluster,Karnataka,KA002,Bengaluru Whitefield,Divya Nair,EMP0090,Employee 090,Sales Officer,Mar-2026,Loans,Retail Lending,Home Loan,4,4,"9,269,656.04","10,785,427.36",116.35,24,8,33.33,77,43,"2,696,356.84","862,834.19","40,622.55",87.01,No,"1,515,771.32","140,070.49","250,823.89",0.33,Achieved
India,South,Bengaluru Cluster,Karnataka,KA002,Bengaluru Whitefield,Divya Nair,EMP0090,Employee 090,Sales Officer,Apr-2026,CASA,Accounts,Current Account,13,12,"2,256,162.95","2,289,735.33",101.49,60,7,11.67,147,42,"190,811.28","228,973.53","18,500.67",85.39,No,"33,572.38","15,576.43","54,517.51",0.12,Achieved
India,South,Bengaluru Cluster,Karnataka,KA002,Bengaluru Whitefield,Divya Nair,EMP0090,Employee 090,Sales Officer,May-2026,Investments,Investments,Fixed Deposit,16,13,"2,689,307.43","2,145,178.93",79.77,52,14,26.92,138,18,"165,013.76","150,162.53","6,562.17",90.91,No,"-544,128.50","15,544.77","119,176.61",0.27,Below Target
India,South,Bengaluru Cluster,Karnataka,KA002,Bengaluru Whitefield,Divya Nair,EMP0090,Employee 090,Sales Officer,Jun-2026,Insurance,Insurance,General Insurance,11,9,"451,611.72","393,408.01",87.11,45,14,31.11,81,16,"43,712.00","55,077.12","3,256.66",89.06,No,"-58,203.70","4,856.89","24,588.00",0.31,Below Target
India,South,Bengaluru Cluster,Karnataka,KA002,Bengaluru Whitefield,Divya Nair,EMP0091,Employee 091,Sales Officer,Jan-2026,Cards,Cards,Debit Card,27,25,"299,148.07","272,603.20",91.13,150,22,14.67,151,38,"10,904.13","10,904.13",892.46,81.82,No,"-26,544.87","1,805.32","7,173.77",0.15,Below Target
India,South,Bengaluru Cluster,Karnataka,KA002,Bengaluru Whitefield,Divya Nair,EMP0091,Employee 091,Sales Officer,Feb-2026,CASA,Accounts,Current Account,13,9,"2,195,224.67","1,822,916.05",83.04,54,15,27.78,92,35,"202,546.23","182,291.61","17,354.60",90.59,No,"-372,308.62","19,814.30","52,083.32",0.28,Below Target
India,South,Bengaluru Cluster,Karnataka,KA002,Bengaluru Whitefield,Divya Nair,EMP0091,Employee 091,Sales Officer,Mar-2026,Loans,Retail Lending,Personal Loan,10,5,"4,745,410.42","2,575,600.66",54.28,15,3,20.00,160,19,"515,120.13","283,316.07","13,114.74",86.77,No,"-2,169,809.77","16,097.50","135,557.93",0.20,Below Target
India,South,Bengaluru Cluster,Karnataka,KA002,Bengaluru Whitefield,Divya Nair,EMP0091,Employee 091,Sales Officer,Apr-2026,Insurance,Insurance,Life Insurance,6,3,"762,675.24","520,928.86",68.30,18,5,27.78,172,42,"173,642.95","93,767.19","4,016.38",77.85,No,"-241,746.38","3,028.66","12,403.07",0.28,Below Target
India,South,Bengaluru Cluster,Karnataka,KA002,Bengaluru Whitefield,Divya Nair,EMP0091,Employee 091,Sales Officer,May-2026,Cards,Cards,Credit Card,20,26,"914,606.81","1,139,818.77",124.62,104,35,33.65,152,25,"43,839.18","136,778.25","8,913.69",74.97,No,"225,211.96","7,498.81","45,592.75",0.34,Achieved
India,South,Bengaluru Cluster,Karnataka,KA002,Bengaluru Whitefield,Divya Nair,EMP0091,Employee 091,Sales Officer,Jun-2026,Cards,Cards,Debit Card,32,45,"361,205.20","477,358.62",132.16,180,22,12.22,147,39,"10,607.97","19,094.34","1,295.14",90.14,No,"116,153.42","3,247.34","12,239.96",0.12,Achieved
India,South,Bengaluru Cluster,Karnataka,KA002,Bengaluru Whitefield,Divya Nair,EMP0092,Employee 092,Sales Officer,Jan-2026,Insurance,Insurance,Life Insurance,6,5,"787,696.15","761,463.01",96.67,20,3,15.00,79,33,"152,292.60","137,063.34","12,485.41",81.66,No,"-26,233.13","9,638.77","23,074.64",0.15,Below Target
India,South,Bengaluru Cluster,Karnataka,KA002,Bengaluru Whitefield,Divya Nair,EMP0092,Employee 092,Sales Officer,Feb-2026,Insurance,Insurance,General Insurance,8,9,"499,080.17","593,743.21",118.97,54,14,25.93,163,16,"65,971.47","83,124.05","7,955.17",87.40,No,"94,663.04","3,642.60","37,108.95",0.26,Achieved
India,South,Bengaluru Cluster,Karnataka,KA002,Bengaluru Whitefield,Divya Nair,EMP0092,Employee 092,Sales Officer,Mar-2026,CASA,Accounts,Savings Account,36,41,"1,325,809.16","1,529,752.72",115.38,123,30,24.39,96,15,"37,311.04","122,380.22","10,135.09",97.12,No,"203,943.55","15,934.92","101,983.51",0.24,Achieved
India,South,Bengaluru Cluster,Karnataka,KA002,Bengaluru Whitefield,Divya Nair,EMP0092,Employee 092,Sales Officer,Apr-2026,Insurance,Insurance,Life Insurance,6,4,"751,365.36","646,139.25",86.00,20,3,15.00,153,39,"161,534.81","116,305.07","6,702.39",88.51,No,"-105,226.11","4,223.13","16,567.67",0.15,Below Target
India,South,Bengaluru Cluster,Karnataka,KA002,Bengaluru Whitefield,Divya Nair,EMP0092,Employee 092,Sales Officer,May-2026,Insurance,Insurance,Life Insurance,7,6,"599,557.02","602,342.96",100.46,24,4,16.67,123,41,"100,390.49","108,421.73","4,424.78",87.84,No,"2,785.94","4,897.10","14,691.29",0.17,Achieved
India,South,Bengaluru Cluster,Karnataka,KA002,Bengaluru Whitefield,Divya Nair,EMP0092,Employee 092,Sales Officer,Jun-2026,Investments,Investments,Mutual Fund,7,10,"1,714,780.66","2,319,596.47",135.27,30,7,23.33,154,19,"231,959.65","231,959.65","9,686.16",87.13,No,"604,815.81","15,062.31","122,084.02",0.23,Achieved
India,South,Bengaluru Cluster,Karnataka,KA002,Bengaluru Whitefield,Divya Nair,EMP0093,Employee 093,Sales Officer,Jan-2026,CASA,Accounts,Savings Account,34,32,"1,260,721.52","1,173,625.01",93.09,160,36,22.50,94,39,"36,675.78","93,890.00","7,795.77",82.63,No,"-87,096.51","12,485.37","30,092.95",0.22,Below Target
India,South,Bengaluru Cluster,Karnataka,KA002,Bengaluru Whitefield,Divya Nair,EMP0093,Employee 093,Sales Officer,Feb-2026,Cards,Cards,Debit Card,26,20,"341,015.57","281,943.88",82.68,60,11,18.33,104,27,"14,097.19","11,277.76",905.84,86.84,No,"-59,071.70","2,711.00","10,442.37",0.18,Below Target
India,South,Bengaluru Cluster,Karnataka,KA002,Bengaluru Whitefield,Divya Nair,EMP0093,Employee 093,Sales Officer,Mar-2026,Cards,Cards,Debit Card,27,22,"400,400.57","333,197.17",83.22,66,23,34.85,172,26,"15,145.33","13,327.89",541.20,87.01,No,"-67,203.40","1,937.19","12,815.28",0.35,Below Target
India,South,Bengaluru Cluster,Karnataka,KA002,Bengaluru Whitefield,Divya Nair,EMP0093,Employee 093,Sales Officer,Apr-2026,Cards,Cards,Debit Card,34,16,"368,229.03","159,289.02",43.26,96,31,32.29,71,27,"9,955.56","6,371.56",495.49,100.00,No,"-208,940.01","2,243.51","5,899.59",0.32,Below Target
India,South,Bengaluru Cluster,Karnataka,KA002,Bengaluru Whitefield,Divya Nair,EMP0093,Employee 093,Sales Officer,May-2026,Investments,Investments,Mutual Fund,8,5,"1,978,309.56","1,516,073.81",76.63,15,2,13.33,165,28,"303,214.76","151,607.38","7,968.62",84.92,No,"-462,235.75","9,188.33","54,145.49",0.13,Below Target
India,South,Bengaluru Cluster,Karnataka,KA002,Bengaluru Whitefield,Divya Nair,EMP0093,Employee 093,Sales Officer,Jun-2026,Loans,Retail Lending,Auto Loan,5,5,"1,410,997.94","1,517,883.00",107.58,25,3,12.00,168,21,"303,576.60","136,609.47","10,615.95",88.77,No,"106,885.06","9,035.02","72,280.14",0.12,Achieved
India,South,Bengaluru Cluster,Karnataka,KA002,Bengaluru Whitefield,Divya Nair,EMP0094,Employee 094,Relationship Manager,Jan-2026,Loans,Retail Lending,Auto Loan,6,5,"1,709,088.87","1,638,383.26",95.86,15,5,33.33,179,41,"327,676.65","147,454.49","8,813.62",96.45,No,"-70,705.61","9,152.98","39,960.57",0.33,Below Target
India,South,Bengaluru Cluster,Karnataka,KA002,Bengaluru Whitefield,Divya Nair,EMP0094,Employee 094,Relationship Manager,Feb-2026,Investments,Investments,Fixed Deposit,16,22,"3,074,760.92","4,811,625.52",156.49,132,42,31.82,77,43,"218,710.25","336,813.79","32,482.80",73.18,No,"1,736,864.60","62,488.64","111,898.27",0.32,Achieved
India,South,Bengaluru Cluster,Karnataka,KA002,Bengaluru Whitefield,Divya Nair,EMP0094,Employee 094,Relationship Manager,Mar-2026,Investments,Investments,Mutual Fund,7,6,"1,697,943.78","1,567,739.97",92.33,36,11,30.56,87,29,"261,290.00","156,774.00","11,022.30",84.20,Yes,"-130,203.81","18,020.00","54,060.00",0.31,Below Target
India,South,Bengaluru Cluster,Karnataka,KA002,Bengaluru Whitefield,Divya Nair,EMP0094,Employee 094,Relationship Manager,Apr-2026,Investments,Investments,Recurring Deposit,18,16,"616,610.07","581,603.17",94.32,96,28,29.17,165,40,"36,350.20","34,896.19","1,774.56",81.90,No,"-35,006.90","3,524.87","14,540.08",0.29,Below Target
India,South,Bengaluru Cluster,Karnataka,KA002,Bengaluru Whitefield,Divya Nair,EMP0094,Employee 094,Relationship Manager,May-2026,Investments,Investments,Fixed Deposit,16,16,"3,055,930.28","3,120,017.54",102.10,48,16,33.33,162,30,"195,001.10","218,401.23","18,012.96",95.26,No,"64,087.27","19,259.37","104,000.58",0.33,Achieved
India,South,Bengaluru Cluster,Karnataka,KA002,Bengaluru Whitefield,Divya Nair,EMP0094,Employee 094,Relationship Manager,Jun-2026,Insurance,Insurance,Life Insurance,7,8,"696,684.76","787,900.13",113.09,32,8,25.00,140,37,"98,487.52","141,822.02","13,387.89",100.00,No,"91,215.37","5,627.86","21,294.60",0.25,Achieved
India,South,Bengaluru Cluster,Karnataka,KA002,Bengaluru Whitefield,Divya Nair,EMP0095,Employee 095,Relationship Manager,Jan-2026,Loans,Retail Lending,Personal Loan,11,13,"4,757,992.92","6,067,398.06",127.52,65,11,16.92,153,32,"466,722.93","667,413.79","60,813.51",80.48,No,"1,309,405.14","39,656.20","189,606.19",0.17,Achieved
India,South,Bengaluru Cluster,Karnataka,KA002,Bengaluru Whitefield,Divya Nair,EMP0095,Employee 095,Relationship Manager,Feb-2026,Investments,Investments,Recurring Deposit,19,17,"709,883.23","682,173.20",96.10,102,24,23.53,173,26,"40,127.84","40,930.39","1,948.79",77.67,No,"-27,710.03","3,943.20","26,237.43",0.24,Below Target
India,South,Bengaluru Cluster,Karnataka,KA002,Bengaluru Whitefield,Divya Nair,EMP0095,Employee 095,Relationship Manager,Mar-2026,CASA,Accounts,Current Account,13,9,"2,209,289.45","1,495,017.09",67.67,54,11,20.37,108,26,"166,113.01","149,501.71","6,570.29",75.89,No,"-714,272.35","13,842.75","57,500.66",0.20,Below Target
India,South,Bengaluru Cluster,Karnataka,KA002,Bengaluru Whitefield,Divya Nair,EMP0095,Employee 095,Relationship Manager,Apr-2026,Cards,Cards,Debit Card,25,22,"320,786.85","311,241.39",97.02,88,22,25.00,140,38,"14,147.34","12,449.66",505.43,81.44,No,"-9,545.46","2,223.15","8,190.56",0.25,Below Target
India,South,Bengaluru Cluster,Karnataka,KA002,Bengaluru Whitefield,Divya Nair,EMP0095,Employee 095,Relationship Manager,May-2026,Loans,Retail Lending,Home Loan,4,4,"8,967,097.69","8,469,581.19",94.45,24,7,29.17,103,21,"2,117,395.30","677,566.50","30,797.15",88.68,No,"-497,516.49","82,228.94","403,313.39",0.29,Below Target
India,South,Bengaluru Cluster,Karnataka,KA002,Bengaluru Whitefield,Divya Nair,EMP0095,Employee 095,Relationship Manager,Jun-2026,CASA,Accounts,Current Account,12,12,"2,595,485.60","2,700,236.93",104.04,36,5,13.89,146,31,"225,019.74","270,023.69","22,624.27",77.85,No,"104,751.33","18,494.77","87,104.42",0.14,Achieved
India,South,Bengaluru Cluster,Karnataka,KA002,Bengaluru Whitefield,Divya Nair,EMP0096,Employee 096,Sales Officer,Jan-2026,Insurance,Insurance,Life Insurance,7,7,"789,500.53","746,096.95",94.50,35,11,31.43,152,20,"106,585.28","134,297.45","9,398.27",96.39,No,"-43,403.58","4,908.53","37,304.85",0.31,Below Target
India,South,Bengaluru Cluster,Karnataka,KA002,Bengaluru Whitefield,Divya Nair,EMP0096,Employee 096,Sales Officer,Feb-2026,CASA,Accounts,Current Account,13,9,"2,850,496.08","1,887,930.34",66.23,45,15,33.33,166,15,"209,770.04","188,793.03","13,247.04",90.94,No,"-962,565.74","11,373.07","125,862.02",0.33,Below Target
India,South,Bengaluru Cluster,Karnataka,KA002,Bengaluru Whitefield,Divya Nair,EMP0096,Employee 096,Sales Officer,Mar-2026,Investments,Investments,Mutual Fund,7,5,"1,689,085.80","1,279,743.60",75.77,15,4,26.67,160,31,"255,948.72","127,974.36","5,525.44",95.82,No,"-409,342.20","7,998.40","41,282.05",0.27,Below Target
India,South,Bengaluru Cluster,Karnataka,KA002,Bengaluru Whitefield,Divya Nair,EMP0096,Employee 096,Sales Officer,Apr-2026,Loans,Retail Lending,Auto Loan,6,6,"1,553,614.87","1,702,681.09",109.59,36,7,19.44,90,27,"283,780.18","153,241.30","12,161.24",94.68,No,"149,066.23","18,918.68","63,062.26",0.19,Achieved
India,South,Bengaluru Cluster,Karnataka,KA002,Bengaluru Whitefield,Divya Nair,EMP0096,Employee 096,Sales Officer,May-2026,Investments,Investments,Fixed Deposit,13,12,"3,343,132.26","2,965,324.70",88.70,72,22,30.56,153,43,"247,110.39","207,572.73","12,917.14",88.11,No,"-377,807.56","19,381.21","68,961.04",0.31,Below Target
India,South,Bengaluru Cluster,Karnataka,KA002,Bengaluru Whitefield,Divya Nair,EMP0096,Employee 096,Sales Officer,Jun-2026,Insurance,Insurance,General Insurance,11,12,"450,245.75","516,414.18",114.70,36,8,22.22,102,19,"43,034.52","72,297.99","3,720.72",89.78,No,"66,168.43","5,062.88","27,179.69",0.22,Achieved
India,South,Tamil Nadu Cluster,Tamil Nadu,TN001,Chennai Anna Nagar,Sanjay Kumar,EMP0097,Employee 097,Sales Officer,Jan-2026,Insurance,Insurance,Life Insurance,6,7,"676,968.41","898,834.51",132.77,42,7,16.67,162,31,"128,404.93","161,790.21","10,804.56",98.68,No,"221,866.10","5,548.36","28,994.66",0.17,Achieved
India,South,Tamil Nadu Cluster,Tamil Nadu,TN001,Chennai Anna Nagar,Sanjay Kumar,EMP0097,Employee 097,Sales Officer,Feb-2026,Cards,Cards,Debit Card,30,38,"309,758.53","369,932.77",119.43,152,49,32.24,145,37,"9,735.07","14,797.31",668.91,84.46,No,"60,174.24","2,551.26","9,998.18",0.32,Achieved
India,South,Tamil Nadu Cluster,Tamil Nadu,TN001,Chennai Anna Nagar,Sanjay Kumar,EMP0097,Employee 097,Sales Officer,Mar-2026,Loans,Retail Lending,Auto Loan,5,3,"1,600,815.60","1,319,861.36",82.45,18,4,22.22,139,49,"439,953.79","118,787.52","8,606.11",92.50,No,"-280,954.24","9,495.41","26,935.95",0.22,Below Target
India,South,Tamil Nadu Cluster,Tamil Nadu,TN001,Chennai Anna Nagar,Sanjay Kumar,EMP0097,Employee 097,Sales Officer,Apr-2026,Loans,Retail Lending,Home Loan,3,2,"9,120,400.91","8,180,715.44",89.70,12,1,8.33,102,27,"4,090,357.72","654,457.24","46,780.82",86.72,No,"-939,685.47","80,203.09","302,989.46",0.08,Below Target
India,South,Tamil Nadu Cluster,Tamil Nadu,TN001,Chennai Anna Nagar,Sanjay Kumar,EMP0097,Employee 097,Sales Officer,May-2026,Insurance,Insurance,Life Insurance,6,9,"680,486.12","1,098,083.20",161.37,45,13,28.89,100,20,"122,009.24","197,654.98","18,517.28",81.79,No,"417,597.07","10,980.83","54,904.16",0.29,Achieved
India,South,Tamil Nadu Cluster,Tamil Nadu,TN001,Chennai Anna Nagar,Sanjay Kumar,EMP0097,Employee 097,Sales Officer,Jun-2026,Loans,Retail Lending,Home Loan,4,3,"8,323,900.41","6,185,153.59",74.31,12,2,16.67,157,16,"2,061,717.86","494,812.29","26,899.08",92.23,No,"-2,138,746.82","39,395.88","386,572.10",0.17,Below Target
India,South,Tamil Nadu Cluster,Tamil Nadu,TN001,Chennai Anna Nagar,Sanjay Kumar,EMP0098,Employee 098,Sales Officer,Jan-2026,Cards,Cards,Credit Card,18,18,"861,930.21","943,432.49",109.46,54,15,27.78,156,35,"52,412.92","113,211.90","9,669.13",86.36,No,"81,502.29","6,047.64","26,955.21",0.28,Achieved
India,South,Tamil Nadu Cluster,Tamil Nadu,TN001,Chennai Anna Nagar,Sanjay Kumar,EMP0098,Employee 098,Sales Officer,Feb-2026,Cards,Cards,Credit Card,16,21,"939,518.58","1,336,817.63",142.29,105,14,13.33,164,27,"63,657.98","160,418.12","12,263.69",84.73,No,"397,299.05","8,151.33","49,511.76",0.13,Achieved
India,South,Tamil Nadu Cluster,Tamil Nadu,TN001,Chennai Anna Nagar,Sanjay Kumar,EMP0098,Employee 098,Sales Officer,Mar-2026,Cards,Cards,Credit Card,18,23,"827,960.64","1,174,949.02",141.91,115,27,23.48,150,42,"51,084.74","140,993.88","11,406.90",100.00,No,"346,988.38","7,832.99","27,974.98",0.23,Achieved
India,South,Tamil Nadu Cluster,Tamil Nadu,TN001,Chennai Anna Nagar,Sanjay Kumar,EMP0098,Employee 098,Sales Officer,Apr-2026,Investments,Investments,Fixed Deposit,15,12,"3,272,890.91","2,782,355.48",85.01,72,20,27.78,70,16,"231,862.96","194,764.88","11,349.22",92.61,No,"-490,535.43","39,747.94","173,897.22",0.28,Below Target
India,South,Tamil Nadu Cluster,Tamil Nadu,TN001,Chennai Anna Nagar,Sanjay Kumar,EMP0098,Employee 098,Sales Officer,May-2026,Cards,Cards,Debit Card,29,18,"383,386.17","260,619.43",67.98,54,9,16.67,109,18,"14,478.86","10,424.78",728.61,81.57,No,"-122,766.73","2,391.00","14,478.86",0.17,Below Target
India,South,Tamil Nadu Cluster,Tamil Nadu,TN001,Chennai Anna Nagar,Sanjay Kumar,EMP0098,Employee 098,Sales Officer,Jun-2026,CASA,Accounts,Current Account,11,11,"2,192,004.93","2,318,454.59",105.77,55,12,21.82,85,15,"210,768.60","231,845.46","21,610.42",89.80,No,"126,449.66","27,275.94","154,563.64",0.22,Achieved
India,South,Tamil Nadu Cluster,Tamil Nadu,TN001,Chennai Anna Nagar,Sanjay Kumar,EMP0099,Employee 099,Relationship Manager,Jan-2026,CASA,Accounts,Savings Account,29,39,"1,217,886.46","1,761,690.93",144.65,195,44,22.56,151,24,"45,171.56","140,935.27","8,551.36",90.57,No,"543,804.47","11,666.83","73,403.79",0.23,Achieved
India,South,Tamil Nadu Cluster,Tamil Nadu,TN001,Chennai Anna Nagar,Sanjay Kumar,EMP0099,Employee 099,Relationship Manager,Feb-2026,Loans,Retail Lending,Home Loan,4,3,"8,351,865.00","6,082,486.98",72.83,12,1,8.33,97,49,"2,027,495.66","486,598.96","44,626.30",91.91,No,"-2,269,378.03","62,706.05","124,132.39",0.08,Below Target
India,South,Tamil Nadu Cluster,Tamil Nadu,TN001,Chennai Anna Nagar,Sanjay Kumar,EMP0099,Employee 099,Relationship Manager,Mar-2026,CASA,Accounts,Savings Account,37,35,"1,379,910.56","1,380,064.69",100.01,140,34,24.29,110,37,"39,430.42","110,405.18","4,988.93",94.95,No,154.13,"12,546.04","37,299.05",0.24,Achieved
India,South,Tamil Nadu Cluster,Tamil Nadu,TN001,Chennai Anna Nagar,Sanjay Kumar,EMP0099,Employee 099,Relationship Manager,Apr-2026,Insurance,Insurance,General Insurance,11,9,"445,302.73","363,655.78",81.66,27,4,14.81,139,45,"40,406.20","50,911.81","5,007.25",85.04,No,"-81,646.96","2,616.23","8,081.24",0.15,Below Target
India,South,Tamil Nadu Cluster,Tamil Nadu,TN001,Chennai Anna Nagar,Sanjay Kumar,EMP0099,Employee 099,Relationship Manager,May-2026,Investments,Investments,Fixed Deposit,13,11,"3,333,022.43","3,126,581.03",93.81,44,11,25.00,120,43,"284,234.64","218,860.67","12,860.87",93.40,No,"-206,441.41","26,054.84","72,711.19",0.25,Below Target
India,South,Tamil Nadu Cluster,Tamil Nadu,TN001,Chennai Anna Nagar,Sanjay Kumar,EMP0099,Employee 099,Relationship Manager,Jun-2026,Cards,Cards,Debit Card,30,27,"330,673.26","322,074.99",97.40,108,32,29.63,103,47,"11,928.70","12,883.00",940.88,72.59,No,"-8,598.27","3,126.94","6,852.66",0.30,Below Target
India,South,Tamil Nadu Cluster,Tamil Nadu,TN001,Chennai Anna Nagar,Sanjay Kumar,EMP0100,Employee 100,Sales Officer,Jan-2026,CASA,Accounts,Savings Account,32,34,"1,111,678.21","1,319,948.40",118.73,102,14,13.73,167,27,"38,822.01","105,595.87","7,897.34",83.33,No,"208,270.20","7,903.88","48,886.98",0.14,Achieved
India,South,Tamil Nadu Cluster,Tamil Nadu,TN001,Chennai Anna Nagar,Sanjay Kumar,EMP0100,Employee 100,Sales Officer,Feb-2026,Loans,Retail Lending,Personal Loan,10,13,"5,118,181.30","7,442,792.15",145.42,39,7,17.95,138,20,"572,522.47","818,707.14","35,306.21",89.26,No,"2,324,610.84","53,933.28","372,139.61",0.18,Achieved
India,South,Tamil Nadu Cluster,Tamil Nadu,TN001,Chennai Anna Nagar,Sanjay Kumar,EMP0100,Employee 100,Sales Officer,Mar-2026,Loans,Retail Lending,Home Loan,3,3,"8,590,449.97","9,430,954.48",109.78,15,4,26.67,156,26,"3,143,651.49","754,476.36","53,733.37",97.75,Yes,"840,504.52","60,454.84","362,729.02",0.27,Achieved
India,South,Tamil Nadu Cluster,Tamil Nadu,TN001,Chennai Anna Nagar,Sanjay Kumar,EMP0100,Employee 100,Sales Officer,Apr-2026,Cards,Cards,Credit Card,16,18,"822,655.12","981,231.94",119.28,54,10,18.52,119,27,"54,512.89","117,747.83","7,448.43",84.10,No,"158,576.82","8,245.65","36,341.92",0.19,Achieved
India,South,Tamil Nadu Cluster,Tamil Nadu,TN001,Chennai Anna Nagar,Sanjay Kumar,EMP0100,Employee 100,Sales Officer,May-2026,Investments,Investments,Fixed Deposit,13,17,"3,421,219.95","4,956,391.30",144.87,51,14,27.45,167,40,"291,552.43","346,947.39","24,587.17",77.41,No,"1,535,171.35","29,678.99","123,909.78",0.27,Achieved
India,South,Tamil Nadu Cluster,Tamil Nadu,TN001,Chennai Anna Nagar,Sanjay Kumar,EMP0100,Employee 100,Sales Officer,Jun-2026,Investments,Investments,Fixed Deposit,14,14,"3,319,570.55","3,337,873.69",100.55,70,23,32.86,120,20,"238,419.55","233,651.16","13,930.38",74.25,No,"18,303.14","27,815.61","166,893.68",0.33,Achieved
India,South,Tamil Nadu Cluster,Tamil Nadu,TN001,Chennai Anna Nagar,Sanjay Kumar,EMP0101,Employee 101,Sales Officer,Jan-2026,Insurance,Insurance,Life Insurance,6,3,"778,294.35","533,427.15",68.54,12,2,16.67,92,27,"177,809.05","96,016.89","5,655.12",97.90,No,"-244,867.20","5,798.12","19,756.56",0.17,Below Target
India,South,Tamil Nadu Cluster,Tamil Nadu,TN001,Chennai Anna Nagar,Sanjay Kumar,EMP0101,Employee 101,Sales Officer,Feb-2026,Insurance,Insurance,General Insurance,8,8,"466,200.18","451,751.04",96.90,48,8,16.67,135,46,"56,468.88","63,245.15","4,372.63",92.15,No,"-14,449.14","3,346.30","9,820.67",0.17,Below Target
India,South,Tamil Nadu Cluster,Tamil Nadu,TN001,Chennai Anna Nagar,Sanjay Kumar,EMP0101,Employee 101,Sales Officer,Mar-2026,Loans,Retail Lending,Auto Loan,5,4,"1,583,433.75","1,418,060.77",89.56,20,6,30.00,81,31,"354,515.19","127,625.47","6,249.05",92.51,No,"-165,372.98","17,506.92","45,743.90",0.30,Below Target
India,South,Tamil Nadu Cluster,Tamil Nadu,TN001,Chennai Anna Nagar,Sanjay Kumar,EMP0101,Employee 101,Sales Officer,Apr-2026,Insurance,Insurance,General Insurance,11,10,"491,405.55","423,730.19",86.23,60,14,23.33,94,33,"42,373.02","59,322.23","5,429.79",71.16,No,"-67,675.36","4,507.77","12,840.31",0.23,Below Target
India,South,Tamil Nadu Cluster,Tamil Nadu,TN001,Chennai Anna Nagar,Sanjay Kumar,EMP0101,Employee 101,Sales Officer,May-2026,Loans,Retail Lending,Personal Loan,11,12,"4,477,139.43","5,159,054.73",115.23,36,4,11.11,89,49,"429,921.23","567,496.02","44,779.58",83.71,No,"681,915.30","57,966.91","105,286.83",0.11,Achieved
India,South,Tamil Nadu Cluster,Tamil Nadu,TN001,Chennai Anna Nagar,Sanjay Kumar,EMP0101,Employee 101,Sales Officer,Jun-2026,Loans,Retail Lending,Home Loan,4,4,"8,275,463.70","10,693,654.23",129.22,24,3,12.50,121,34,"2,673,413.56","855,492.34","79,279.19",86.45,No,"2,418,190.53","88,377.31","314,519.24",0.12,Achieved
India,South,Tamil Nadu Cluster,Tamil Nadu,TN001,Chennai Anna Nagar,Sanjay Kumar,EMP0102,Employee 102,Relationship Manager,Jan-2026,Loans,Retail Lending,Home Loan,4,5,"8,042,436.22","9,860,161.60",122.60,30,4,13.33,157,33,"1,972,032.32","788,812.93","52,646.56",95.05,No,"1,817,725.37","62,803.58","298,792.78",0.13,Achieved
India,South,Tamil Nadu Cluster,Tamil Nadu,TN001,Chennai Anna Nagar,Sanjay Kumar,EMP0102,Employee 102,Relationship Manager,Feb-2026,Investments,Investments,Mutual Fund,7,6,"1,968,462.58","2,106,548.39",107.01,18,2,11.11,84,46,"351,091.40","210,654.84","12,096.24",99.11,No,"138,085.81","25,077.96","45,794.53",0.11,Achieved
India,South,Tamil Nadu Cluster,Tamil Nadu,TN001,Chennai Anna Nagar,Sanjay Kumar,EMP0102,Employee 102,Relationship Manager,Mar-2026,Investments,Investments,Recurring Deposit,15,16,"693,309.81","806,654.05",116.35,64,15,23.44,118,47,"50,415.88","48,399.24","4,749.81",86.59,Yes,"113,344.24","6,836.05","17,162.85",0.23,Achieved
India,South,Tamil Nadu Cluster,Tamil Nadu,TN001,Chennai Anna Nagar,Sanjay Kumar,EMP0102,Employee 102,Relationship Manager,Apr-2026,CASA,Accounts,Current Account,13,10,"2,396,636.20","2,033,593.72",84.85,50,7,14.00,175,25,"203,359.37","203,359.37","10,177.78",85.31,No,"-363,042.48","11,620.54","81,343.75",0.14,Below Target
India,South,Tamil Nadu Cluster,Tamil Nadu,TN001,Chennai Anna Nagar,Sanjay Kumar,EMP0102,Employee 102,Relationship Manager,May-2026,Loans,Retail Lending,Home Loan,4,4,"9,354,139.78","10,408,263.77",111.27,20,6,30.00,130,39,"2,602,065.94","832,661.10","73,515.62",78.33,No,"1,054,124.00","80,063.57","266,878.56",0.30,Achieved
India,South,Tamil Nadu Cluster,Tamil Nadu,TN001,Chennai Anna Nagar,Sanjay Kumar,EMP0102,Employee 102,Relationship Manager,Jun-2026,Loans,Retail Lending,Home Loan,4,3,"7,632,063.53","7,083,301.41",92.81,15,4,26.67,136,24,"2,361,100.47","566,664.11","34,417.60",95.84,No,"-548,762.12","52,083.10","295,137.56",0.27,Below Target
India,South,Tamil Nadu Cluster,Tamil Nadu,TN001,Chennai Anna Nagar,Sanjay Kumar,EMP0103,Employee 103,Sales Officer,Jan-2026,Investments,Investments,Recurring Deposit,19,11,"676,308.49","392,599.43",58.05,55,6,10.91,145,44,"35,690.86","23,555.97","1,236.54",78.76,No,"-283,709.06","2,707.58","8,922.71",0.11,Below Target
India,South,Tamil Nadu Cluster,Tamil Nadu,TN001,Chennai Anna Nagar,Sanjay Kumar,EMP0103,Employee 103,Sales Officer,Feb-2026,Investments,Investments,Fixed Deposit,15,16,"2,568,952.01","2,543,035.10",98.99,48,6,12.50,120,31,"158,939.69","178,012.46","13,002.28",80.03,No,"-25,916.90","21,191.96","82,033.39",0.12,Below Target
India,South,Tamil Nadu Cluster,Tamil Nadu,TN001,Chennai Anna Nagar,Sanjay Kumar,EMP0103,Employee 103,Sales Officer,Mar-2026,Loans,Retail Lending,Personal Loan,9,10,"3,879,093.27","4,745,661.42",122.34,30,3,10.00,174,24,"474,566.14","522,022.76","29,005.66",97.11,No,"866,568.15","27,273.92","197,735.89",0.10,Achieved
India,South,Tamil Nadu Cluster,Tamil Nadu,TN001,Chennai Anna Nagar,Sanjay Kumar,EMP0103,Employee 103,Sales Officer,Apr-2026,Investments,Investments,Mutual Fund,8,7,"1,803,117.33","1,460,324.84",80.99,28,9,32.14,158,49,"208,617.83","146,032.48","12,233.33",92.50,No,"-342,792.49","9,242.56","29,802.55",0.32,Below Target
India,South,Tamil Nadu Cluster,Tamil Nadu,TN001,Chennai Anna Nagar,Sanjay Kumar,EMP0103,Employee 103,Sales Officer,May-2026,CASA,Accounts,Savings Account,38,36,"1,128,964.52","1,077,524.60",95.44,108,25,23.15,119,30,"29,931.24","86,201.97","7,599.51",80.34,No,"-51,439.91","9,054.83","35,917.49",0.23,Below Target
India,South,Tamil Nadu Cluster,Tamil Nadu,TN001,Chennai Anna Nagar,Sanjay Kumar,EMP0103,Employee 103,Sales Officer,Jun-2026,CASA,Accounts,Savings Account,29,22,"1,122,148.38","841,636.86",75.00,66,9,13.64,124,29,"38,256.22","67,330.95","2,831.80",71.80,No,"-280,511.52","6,787.39","29,021.96",0.14,Below Target
India,South,Tamil Nadu Cluster,Tamil Nadu,TN001,Chennai Anna Nagar,Sanjay Kumar,EMP0104,Employee 104,Sales Officer,Jan-2026,Loans,Retail Lending,Personal Loan,8,7,"5,138,498.21","4,460,015.49",86.80,21,3,14.29,132,46,"637,145.07","490,601.70","45,363.50",88.10,No,"-678,482.72","33,788.00","96,956.86",0.14,Below Target
India,South,Tamil Nadu Cluster,Tamil Nadu,TN001,Chennai Anna Nagar,Sanjay Kumar,EMP0104,Employee 104,Sales Officer,Feb-2026,Cards,Cards,Debit Card,29,37,"348,339.37","463,341.32",133.01,222,56,25.23,80,36,"12,522.74","18,533.65","1,085.90",82.93,No,"115,001.95","5,791.77","12,870.59",0.25,Achieved
India,South,Tamil Nadu Cluster,Tamil Nadu,TN001,Chennai Anna Nagar,Sanjay Kumar,EMP0104,Employee 104,Sales Officer,Mar-2026,Investments,Investments,Mutual Fund,7,9,"1,553,311.96","2,102,773.46",135.37,27,8,29.63,151,20,"233,641.50","210,277.35","8,526.73",87.20,No,"549,461.50","13,925.65","105,138.67",0.30,Achieved
India,South,Tamil Nadu Cluster,Tamil Nadu,TN001,Chennai Anna Nagar,Sanjay Kumar,EMP0104,Employee 104,Sales Officer,Apr-2026,Investments,Investments,Mutual Fund,8,7,"1,815,145.62","1,912,548.16",105.37,42,11,26.19,136,29,"273,221.17","191,254.82","9,468.48",74.18,No,"97,402.53","14,062.85","65,949.94",0.26,Achieved
India,South,Tamil Nadu Cluster,Tamil Nadu,TN001,Chennai Anna Nagar,Sanjay Kumar,EMP0104,Employee 104,Sales Officer,May-2026,Investments,Investments,Mutual Fund,8,9,"1,596,139.97","1,871,972.88",117.28,54,13,24.07,159,44,"207,996.99","187,197.29","16,087.57",100.00,No,"275,832.91","11,773.41","42,544.84",0.24,Achieved
India,South,Tamil Nadu Cluster,Tamil Nadu,TN001,Chennai Anna Nagar,Sanjay Kumar,EMP0104,Employee 104,Sales Officer,Jun-2026,Insurance,Insurance,General Insurance,9,9,"444,717.28","504,841.28",113.52,45,13,28.89,155,23,"56,093.48","70,677.78","7,000.43",86.92,No,"60,124.00","3,257.04","21,949.62",0.29,Achieved
India,South,Tamil Nadu Cluster,Tamil Nadu,TN002,Coimbatore RS Puram,Ananya Krishnan,EMP0105,Employee 105,Relationship Manager,Jan-2026,Loans,Retail Lending,Personal Loan,9,9,"5,085,350.74","5,775,475.24",113.57,54,17,31.48,178,35,"641,719.47","635,302.28","48,961.98",84.71,No,"690,124.50","32,446.49","165,013.58",0.31,Achieved
India,South,Tamil Nadu Cluster,Tamil Nadu,TN002,Coimbatore RS Puram,Ananya Krishnan,EMP0105,Employee 105,Relationship Manager,Feb-2026,CASA,Accounts,Savings Account,38,30,"1,230,355.10","986,780.94",80.20,120,27,22.50,142,34,"32,892.70","78,942.48","6,614.85",81.37,No,"-243,574.16","6,949.16","29,022.97",0.22,Below Target
India,South,Tamil Nadu Cluster,Tamil Nadu,TN002,Coimbatore RS Puram,Ananya Krishnan,EMP0105,Employee 105,Relationship Manager,Mar-2026,Investments,Investments,Mutual Fund,8,2,"1,867,063.72","477,724.44",25.59,8,1,12.50,157,27,"238,862.22","47,772.44","4,255.14",87.86,No,"-1,389,339.28","3,042.83","17,693.50",0.12,Below Target
India,South,Tamil Nadu Cluster,Tamil Nadu,TN002,Coimbatore RS Puram,Ananya Krishnan,EMP0105,Employee 105,Relationship Manager,Apr-2026,Loans,Retail Lending,Auto Loan,5,4,"1,836,009.35","1,746,174.84",95.11,24,5,20.83,98,31,"436,543.71","157,155.74","15,540.64",89.69,No,"-89,834.51","17,818.11","56,328.22",0.21,Below Target
India,South,Tamil Nadu Cluster,Tamil Nadu,TN002,Coimbatore RS Puram,Ananya Krishnan,EMP0105,Employee 105,Relationship Manager,May-2026,Investments,Investments,Recurring Deposit,20,16,"719,439.32","574,487.57",79.85,48,8,16.67,141,49,"35,905.47","34,469.25","1,612.58",93.08,No,"-144,951.75","4,074.38","11,724.24",0.17,Below Target
India,South,Tamil Nadu Cluster,Tamil Nadu,TN002,Coimbatore RS Puram,Ananya Krishnan,EMP0105,Employee 105,Relationship Manager,Jun-2026,CASA,Accounts,Savings Account,35,38,"1,067,188.75","1,250,752.14",117.20,228,41,17.98,152,40,"32,914.53","100,060.17","9,255.49",84.73,No,"183,563.39","8,228.63","31,268.80",0.18,Achieved
India,South,Tamil Nadu Cluster,Tamil Nadu,TN002,Coimbatore RS Puram,Ananya Krishnan,EMP0106,Employee 106,Senior Sales Officer,Jan-2026,Loans,Retail Lending,Personal Loan,9,7,"4,342,272.03","3,935,344.59",90.63,42,13,30.95,92,20,"562,192.08","432,887.91","21,145.38",82.83,No,"-406,927.44","42,775.48","196,767.23",0.31,Below Target
India,South,Tamil Nadu Cluster,Tamil Nadu,TN002,Coimbatore RS Puram,Ananya Krishnan,EMP0106,Employee 106,Senior Sales Officer,Feb-2026,Investments,Investments,Recurring Deposit,20,20,"687,123.79","697,326.70",101.48,80,26,32.50,93,43,"34,866.33","41,839.60","3,830.81",86.13,No,"10,202.91","7,498.14","16,216.90",0.32,Achieved
India,South,Tamil Nadu Cluster,Tamil Nadu,TN002,Coimbatore RS Puram,Ananya Krishnan,EMP0106,Employee 106,Senior Sales Officer,Mar-2026,Insurance,Insurance,Life Insurance,6,5,"604,674.53","585,233.60",96.78,25,5,20.00,72,28,"117,046.72","105,342.05","8,397.25",87.82,No,"-19,440.93","8,128.24","20,901.20",0.20,Below Target
India,South,Tamil Nadu Cluster,Tamil Nadu,TN002,Coimbatore RS Puram,Ananya Krishnan,EMP0106,Employee 106,Senior Sales Officer,Apr-2026,Insurance,Insurance,Life Insurance,7,9,"606,760.48","848,501.63",139.84,45,7,15.56,73,43,"94,277.96","152,730.29","10,143.32",93.78,No,"241,741.14","11,623.31","19,732.60",0.16,Achieved
India,South,Tamil Nadu Cluster,Tamil Nadu,TN002,Coimbatore RS Puram,Ananya Krishnan,EMP0106,Employee 106,Senior Sales Officer,May-2026,Cards,Cards,Credit Card,16,10,"1,030,176.50","754,063.80",73.20,30,6,20.00,80,25,"75,406.38","90,487.66","4,653.31",99.38,No,"-276,112.70","9,425.80","30,162.55",0.20,Below Target
India,South,Tamil Nadu Cluster,Tamil Nadu,TN002,Coimbatore RS Puram,Ananya Krishnan,EMP0106,Employee 106,Senior Sales Officer,Jun-2026,Cards,Cards,Credit Card,17,15,"860,848.68","737,030.92",85.62,90,13,14.44,133,21,"49,135.39","88,443.71","3,695.55",79.50,No,"-123,817.76","5,541.59","35,096.71",0.14,Below Target
India,South,Tamil Nadu Cluster,Tamil Nadu,TN002,Coimbatore RS Puram,Ananya Krishnan,EMP0107,Employee 107,Relationship Manager,Jan-2026,Loans,Retail Lending,Auto Loan,6,6,"1,633,750.00","1,567,043.80",95.92,30,9,30.00,170,44,"261,173.97","141,033.94","12,890.04",85.66,Yes,"-66,706.20","9,217.90","35,614.63",0.30,Below Target
India,South,Tamil Nadu Cluster,Tamil Nadu,TN002,Coimbatore RS Puram,Ananya Krishnan,EMP0107,Employee 107,Relationship Manager,Feb-2026,CASA,Accounts,Savings Account,30,27,"1,197,401.28","1,009,033.49",84.27,108,35,32.41,88,43,"37,371.61","80,722.68","7,908.69",89.42,No,"-188,367.79","11,466.29","23,465.90",0.32,Below Target
India,South,Tamil Nadu Cluster,Tamil Nadu,TN002,Coimbatore RS Puram,Ananya Krishnan,EMP0107,Employee 107,Relationship Manager,Mar-2026,CASA,Accounts,Savings Account,39,22,"1,034,610.86","656,342.50",63.44,110,31,28.18,119,18,"29,833.75","52,507.40","3,368.01",84.41,No,"-378,268.36","5,515.48","36,463.47",0.28,Below Target
India,South,Tamil Nadu Cluster,Tamil Nadu,TN002,Coimbatore RS Puram,Ananya Krishnan,EMP0107,Employee 107,Relationship Manager,Apr-2026,Investments,Investments,Fixed Deposit,14,7,"2,609,764.82","1,500,685.20",57.50,28,7,25.00,167,15,"214,383.60","105,047.96","6,223.46",89.80,No,"-1,109,079.61","8,986.14","100,045.68",0.25,Below Target
India,South,Tamil Nadu Cluster,Tamil Nadu,TN002,Coimbatore RS Puram,Ananya Krishnan,EMP0107,Employee 107,Relationship Manager,May-2026,Investments,Investments,Mutual Fund,8,4,"1,566,725.53","897,881.91",57.31,16,4,25.00,100,41,"224,470.48","89,788.19","4,118.71",100.00,No,"-668,843.61","8,978.82","21,899.56",0.25,Below Target
India,South,Tamil Nadu Cluster,Tamil Nadu,TN002,Coimbatore RS Puram,Ananya Krishnan,EMP0107,Employee 107,Relationship Manager,Jun-2026,Insurance,Insurance,General Insurance,10,10,"429,723.45","426,377.62",99.22,50,9,18.00,174,36,"42,637.76","59,692.87","4,807.18",79.89,No,"-3,345.83","2,450.45","11,843.82",0.18,Below Target
India,South,Tamil Nadu Cluster,Tamil Nadu,TN002,Coimbatore RS Puram,Ananya Krishnan,EMP0108,Employee 108,Relationship Manager,Jan-2026,CASA,Accounts,Savings Account,37,28,"1,274,156.55","916,612.51",71.94,168,37,22.02,169,16,"32,736.16","73,329.00","5,045.63",91.71,No,"-357,544.03","5,423.74","57,288.28",0.22,Below Target
India,South,Tamil Nadu Cluster,Tamil Nadu,TN002,Coimbatore RS Puram,Ananya Krishnan,EMP0108,Employee 108,Relationship Manager,Feb-2026,Insurance,Insurance,General Insurance,11,7,"473,515.24","329,230.94",69.53,35,7,20.00,146,31,"47,032.99","46,092.33","2,061.33",90.30,No,"-144,284.30","2,255.01","10,620.35",0.20,Below Target
India,South,Tamil Nadu Cluster,Tamil Nadu,TN002,Coimbatore RS Puram,Ananya Krishnan,EMP0108,Employee 108,Relationship Manager,Mar-2026,Loans,Retail Lending,Home Loan,4,4,"8,504,692.62","10,822,600.86",127.25,12,2,16.67,119,25,"2,705,650.21","865,808.07","49,327.82",80.19,No,"2,317,908.24","90,946.23","432,904.03",0.17,Achieved
India,South,Tamil Nadu Cluster,Tamil Nadu,TN002,Coimbatore RS Puram,Ananya Krishnan,EMP0108,Employee 108,Relationship Manager,Apr-2026,Investments,Investments,Recurring Deposit,18,15,"600,186.43","542,309.57",90.36,75,18,24.00,122,30,"36,153.97","32,538.57","1,618.79",76.28,No,"-57,876.86","4,445.16","18,076.99",0.24,Below Target
India,South,Tamil Nadu Cluster,Tamil Nadu,TN002,Coimbatore RS Puram,Ananya Krishnan,EMP0108,Employee 108,Relationship Manager,May-2026,Cards,Cards,Credit Card,18,12,"805,647.04","576,518.93",71.56,48,9,18.75,169,17,"48,043.24","69,182.27","6,796.47",95.48,No,"-229,128.11","3,411.35","33,912.88",0.19,Below Target
India,South,Tamil Nadu Cluster,Tamil Nadu,TN002,Coimbatore RS Puram,Ananya Krishnan,EMP0108,Employee 108,Relationship Manager,Jun-2026,CASA,Accounts,Savings Account,33,31,"1,205,808.53","1,119,114.47",92.81,186,45,24.19,121,17,"36,100.47","89,529.16","4,557.80",82.06,No,"-86,694.06","9,248.88","65,830.26",0.24,Below Target
India,South,Tamil Nadu Cluster,Tamil Nadu,TN002,Coimbatore RS Puram,Ananya Krishnan,EMP0109,Employee 109,Relationship Manager,Jan-2026,Insurance,Insurance,Life Insurance,7,4,"626,181.47","422,706.08",67.51,20,2,10.00,136,24,"105,676.52","76,087.09","6,073.58",86.33,No,"-203,475.39","3,108.13","17,612.75",0.10,Below Target
India,South,Tamil Nadu Cluster,Tamil Nadu,TN002,Coimbatore RS Puram,Ananya Krishnan,EMP0109,Employee 109,Relationship Manager,Feb-2026,CASA,Accounts,Current Account,11,9,"2,738,174.00","2,487,586.91",90.85,45,7,15.56,98,39,"276,398.55","248,758.69","14,123.54",84.24,No,"-250,587.09","25,383.54","63,784.28",0.16,Below Target
India,South,Tamil Nadu Cluster,Tamil Nadu,TN002,Coimbatore RS Puram,Ananya Krishnan,EMP0109,Employee 109,Relationship Manager,Mar-2026,Investments,Investments,Fixed Deposit,16,14,"3,410,075.52","3,354,172.71",98.36,70,17,24.29,92,18,"239,583.77","234,792.09","18,560.24",98.50,No,"-55,902.80","36,458.40","186,342.93",0.24,Below Target
India,South,Tamil Nadu Cluster,Tamil Nadu,TN002,Coimbatore RS Puram,Ananya Krishnan,EMP0109,Employee 109,Relationship Manager,Apr-2026,Loans,Retail Lending,Auto Loan,6,5,"1,598,675.61","1,431,468.55",89.54,25,6,24.00,134,33,"286,293.71","128,832.17","12,854.59",94.77,No,"-167,207.06","10,682.60","43,377.83",0.24,Below Target
India,South,Tamil Nadu Cluster,Tamil Nadu,TN002,Coimbatore RS Puram,Ananya Krishnan,EMP0109,Employee 109,Relationship Manager,May-2026,CASA,Accounts,Savings Account,33,31,"1,158,072.42","1,165,670.99",100.66,155,48,30.97,108,47,"37,602.29","93,253.68","5,360.68",93.01,No,"7,598.56","10,793.25","24,801.51",0.31,Achieved
India,South,Tamil Nadu Cluster,Tamil Nadu,TN002,Coimbatore RS Puram,Ananya Krishnan,EMP0109,Employee 109,Relationship Manager,Jun-2026,Insurance,Insurance,General Insurance,11,15,"401,422.33","576,623.96",143.65,45,10,22.22,121,48,"38,441.60","80,727.35","6,743.05",92.93,No,"175,201.63","4,765.49","12,013.00",0.22,Achieved
India,South,Tamil Nadu Cluster,Tamil Nadu,TN002,Coimbatore RS Puram,Ananya Krishnan,EMP0110,Employee 110,Relationship Manager,Jan-2026,CASA,Accounts,Savings Account,39,40,"1,338,154.33","1,517,909.52",113.43,200,42,21.00,130,37,"37,947.74","121,432.76","9,006.54",89.48,No,"179,755.19","11,676.23","41,024.58",0.21,Achieved
India,South,Tamil Nadu Cluster,Tamil Nadu,TN002,Coimbatore RS Puram,Ananya Krishnan,EMP0110,Employee 110,Relationship Manager,Feb-2026,Insurance,Insurance,Life Insurance,7,7,"795,061.30","797,017.66",100.25,42,13,30.95,102,19,"113,859.67","143,463.18","12,559.26",100.00,No,"1,956.36","7,813.90","41,948.30",0.31,Achieved
India,South,Tamil Nadu Cluster,Tamil Nadu,TN002,Coimbatore RS Puram,Ananya Krishnan,EMP0110,Employee 110,Relationship Manager,Mar-2026,CASA,Accounts,Savings Account,36,20,"1,354,961.50","812,665.34",59.98,60,14,23.33,159,37,"40,633.27","65,013.23","4,505.32",81.97,No,"-542,296.16","5,111.10","21,963.93",0.23,Below Target
India,South,Tamil Nadu Cluster,Tamil Nadu,TN002,Coimbatore RS Puram,Ananya Krishnan,EMP0110,Employee 110,Relationship Manager,Apr-2026,Investments,Investments,Fixed Deposit,13,15,"2,882,444.38","3,424,173.10",118.79,75,25,33.33,147,17,"228,278.21","239,692.12","19,991.20",83.25,No,"541,728.72","23,293.69","201,421.95",0.33,Achieved
India,South,Tamil Nadu Cluster,Tamil Nadu,TN002,Coimbatore RS Puram,Ananya Krishnan,EMP0110,Employee 110,Relationship Manager,May-2026,Insurance,Insurance,General Insurance,8,5,"398,601.68","252,269.64",63.29,25,5,20.00,133,35,"50,453.93","35,317.75","3,084.74",93.40,No,"-146,332.04","1,896.76","7,207.70",0.20,Below Target
India,South,Tamil Nadu Cluster,Tamil Nadu,TN002,Coimbatore RS Puram,Ananya Krishnan,EMP0110,Employee 110,Relationship Manager,Jun-2026,Investments,Investments,Fixed Deposit,16,13,"3,244,604.65","2,769,648.35",85.36,39,6,15.38,139,31,"213,049.87","193,875.38","16,822.94",93.90,No,"-474,956.30","19,925.53","89,343.50",0.15,Below Target
India,South,Tamil Nadu Cluster,Tamil Nadu,TN002,Coimbatore RS Puram,Ananya Krishnan,EMP0111,Employee 111,Relationship Manager,Jan-2026,Loans,Retail Lending,Personal Loan,10,10,"4,980,045.01","5,223,277.30",104.88,30,6,20.00,166,41,"522,327.73","574,560.50","40,491.49",81.55,No,"243,232.30","31,465.53","127,397.01",0.20,Achieved
India,South,Tamil Nadu Cluster,Tamil Nadu,TN002,Coimbatore RS Puram,Ananya Krishnan,EMP0111,Employee 111,Relationship Manager,Feb-2026,Investments,Investments,Fixed Deposit,14,8,"2,903,328.98","1,794,571.13",61.81,48,6,12.50,107,36,"224,321.39","125,619.98","5,733.75",96.81,Yes,"-1,108,757.85","16,771.69","49,849.20",0.12,Below Target
India,South,Tamil Nadu Cluster,Tamil Nadu,TN002,Coimbatore RS Puram,Ananya Krishnan,EMP0111,Employee 111,Relationship Manager,Mar-2026,Insurance,Insurance,Life Insurance,5,5,"630,405.80","712,176.07",112.97,15,3,20.00,128,47,"142,435.21","128,191.69","10,294.66",83.53,No,"81,770.27","5,563.88","15,152.68",0.20,Achieved
India,South,Tamil Nadu Cluster,Tamil Nadu,TN002,Coimbatore RS Puram,Ananya Krishnan,EMP0111,Employee 111,Relationship Manager,Apr-2026,Insurance,Insurance,General Insurance,9,11,"434,196.55","532,093.89",122.55,33,7,21.21,70,26,"48,372.17","74,493.14","3,837.96",95.13,No,"97,897.34","7,601.34","20,465.15",0.21,Achieved
India,South,Tamil Nadu Cluster,Tamil Nadu,TN002,Coimbatore RS Puram,Ananya Krishnan,EMP0111,Employee 111,Relationship Manager,May-2026,Investments,Investments,Recurring Deposit,17,17,"643,575.98","692,509.66",107.60,85,23,27.06,151,45,"40,735.86","41,550.58","3,915.81",88.97,No,"48,933.68","4,586.16","15,389.10",0.27,Achieved
India,South,Tamil Nadu Cluster,Tamil Nadu,TN002,Coimbatore RS Puram,Ananya Krishnan,EMP0111,Employee 111,Relationship Manager,Jun-2026,Insurance,Insurance,General Insurance,11,12,"491,275.83","555,961.49",113.17,36,5,13.89,158,46,"46,330.12","77,834.61","4,968.28",91.90,No,"64,685.66","3,518.74","12,086.12",0.14,Achieved
India,South,Tamil Nadu Cluster,Tamil Nadu,TN002,Coimbatore RS Puram,Ananya Krishnan,EMP0112,Employee 112,Sales Officer,Jan-2026,Investments,Investments,Mutual Fund,8,10,"1,614,907.26","2,137,290.46",132.35,30,8,26.67,125,23,"213,729.05","213,729.05","14,197.18",86.68,Yes,"522,383.20","17,098.32","92,925.67",0.27,Achieved
India,South,Tamil Nadu Cluster,Tamil Nadu,TN002,Coimbatore RS Puram,Ananya Krishnan,EMP0112,Employee 112,Sales Officer,Feb-2026,Cards,Cards,Debit Card,30,26,"390,568.71","361,934.30",92.67,130,16,12.31,163,37,"13,920.55","14,477.37","1,062.93",88.62,No,"-28,634.41","2,220.46","9,782.01",0.12,Below Target
India,South,Tamil Nadu Cluster,Tamil Nadu,TN002,Coimbatore RS Puram,Ananya Krishnan,EMP0112,Employee 112,Sales Officer,Mar-2026,Insurance,Insurance,General Insurance,8,4,"475,534.35","282,107.46",59.32,24,5,20.83,121,16,"70,526.87","39,495.04","3,425.81",85.03,No,"-193,426.89","2,331.47","17,631.72",0.21,Below Target
India,South,Tamil Nadu Cluster,Tamil Nadu,TN002,Coimbatore RS Puram,Ananya Krishnan,EMP0112,Employee 112,Sales Officer,Apr-2026,Investments,Investments,Recurring Deposit,19,22,"735,570.94","882,326.82",119.95,110,34,30.91,156,38,"40,105.76","52,939.61","4,791.54",93.72,No,"146,755.88","5,655.94","23,219.13",0.31,Achieved
India,South,Tamil Nadu Cluster,Tamil Nadu,TN002,Coimbatore RS Puram,Ananya Krishnan,EMP0112,Employee 112,Sales Officer,May-2026,Insurance,Insurance,General Insurance,10,9,"495,330.71","475,993.44",96.10,27,8,29.63,178,22,"52,888.16","66,639.08","4,775.94",88.23,No,"-19,337.27","2,674.12","21,636.07",0.30,Below Target
India,South,Tamil Nadu Cluster,Tamil Nadu,TN002,Coimbatore RS Puram,Ananya Krishnan,EMP0112,Employee 112,Sales Officer,Jun-2026,Investments,Investments,Fixed Deposit,14,14,"2,790,209.36","3,059,475.62",109.65,70,16,22.86,104,29,"218,533.97","214,163.29","14,765.58",93.22,No,"269,266.26","29,418.03","105,499.16",0.23,Achieved
India,East,Kolkata Cluster,West Bengal,WB001,Kolkata Park Street,Rahul Sen,EMP0113,Employee 113,Relationship Manager,Jan-2026,Investments,Investments,Recurring Deposit,19,20,"714,599.47","824,788.86",115.42,100,17,17.00,105,29,"41,239.44","49,487.33","2,356.12",80.21,No,"110,189.39","7,855.13","28,441.00",0.17,Achieved
India,East,Kolkata Cluster,West Bengal,WB001,Kolkata Park Street,Rahul Sen,EMP0113,Employee 113,Relationship Manager,Feb-2026,Investments,Investments,Fixed Deposit,15,13,"2,639,986.72","2,222,291.19",84.18,65,13,20.00,137,33,"170,945.48","155,560.38","11,394.93",91.39,No,"-417,695.53","16,221.10","67,342.16",0.20,Below Target
India,East,Kolkata Cluster,West Bengal,WB001,Kolkata Park Street,Rahul Sen,EMP0113,Employee 113,Relationship Manager,Mar-2026,Loans,Retail Lending,Personal Loan,9,7,"4,610,518.11","3,485,505.81",75.60,35,5,14.29,159,16,"497,929.40","383,405.64","25,133.62",74.85,Yes,"-1,125,012.30","21,921.42","217,844.11",0.14,Below Target
India,East,Kolkata Cluster,West Bengal,WB001,Kolkata Park Street,Rahul Sen,EMP0113,Employee 113,Relationship Manager,Apr-2026,CASA,Accounts,Current Account,10,6,"2,550,274.59","1,928,644.83",75.62,24,3,12.50,144,31,"321,440.80","192,864.48","18,518.99",85.56,No,"-621,629.76","13,393.37","62,214.35",0.12,Below Target
India,East,Kolkata Cluster,West Bengal,WB001,Kolkata Park Street,Rahul Sen,EMP0113,Employee 113,Relationship Manager,May-2026,Insurance,Insurance,Life Insurance,7,4,"713,412.08","435,096.01",60.99,20,5,25.00,83,38,"108,774.00","78,317.28","5,969.76",80.04,No,"-278,316.07","5,242.12","11,449.89",0.25,Below Target
India,East,Kolkata Cluster,West Bengal,WB001,Kolkata Park Street,Rahul Sen,EMP0113,Employee 113,Relationship Manager,Jun-2026,Investments,Investments,Fixed Deposit,12,9,"2,562,359.87","2,124,394.79",82.91,54,8,14.81,78,42,"236,043.87","148,707.64","10,582.61",73.37,No,"-437,965.08","27,235.83","50,580.83",0.15,Below Target
India,East,Kolkata Cluster,West Bengal,WB001,Kolkata Park Street,Rahul Sen,EMP0114,Employee 114,Relationship Manager,Jan-2026,Insurance,Insurance,General Insurance,8,8,"435,357.51","506,390.65",116.32,24,8,33.33,119,46,"63,298.83","70,894.69","6,187.39",79.37,No,"71,033.15","4,255.38","11,008.49",0.33,Achieved
India,East,Kolkata Cluster,West Bengal,WB001,Kolkata Park Street,Rahul Sen,EMP0114,Employee 114,Relationship Manager,Feb-2026,Cards,Cards,Debit Card,27,39,"331,566.01","470,327.91",141.85,195,57,29.23,170,21,"12,059.69","18,813.12","1,598.66",88.24,No,"138,761.90","2,766.63","22,396.57",0.29,Achieved
India,East,Kolkata Cluster,West Bengal,WB001,Kolkata Park Street,Rahul Sen,EMP0114,Employee 114,Relationship Manager,Mar-2026,Investments,Investments,Fixed Deposit,16,14,"2,561,709.19","2,451,854.73",95.71,56,11,19.64,115,36,"175,132.48","171,629.83","12,017.16",87.68,No,"-109,854.46","21,320.48","68,107.08",0.20,Below Target
India,East,Kolkata Cluster,West Bengal,WB001,Kolkata Park Street,Rahul Sen,EMP0114,Employee 114,Relationship Manager,Apr-2026,Investments,Investments,Recurring Deposit,17,10,"731,975.44","482,549.35",65.92,50,7,14.00,139,37,"48,254.94","28,952.96","1,615.82",89.80,No,"-249,426.09","3,471.58","13,041.87",0.14,Below Target
India,East,Kolkata Cluster,West Bengal,WB001,Kolkata Park Street,Rahul Sen,EMP0114,Employee 114,Relationship Manager,May-2026,Insurance,Insurance,Life Insurance,6,8,"675,058.29","1,106,249.29",163.87,48,15,31.25,113,41,"138,281.16","199,124.87","8,214.81",84.27,No,"431,191.00","9,789.82","26,981.69",0.31,Achieved
India,East,Kolkata Cluster,West Bengal,WB001,Kolkata Park Street,Rahul Sen,EMP0114,Employee 114,Relationship Manager,Jun-2026,CASA,Accounts,Savings Account,34,30,"1,150,503.50","1,056,542.09",91.83,120,40,33.33,130,46,"35,218.07","84,523.37","8,215.18",100.00,No,"-93,961.42","8,127.25","22,968.31",0.33,Below Target
India,East,Kolkata Cluster,West Bengal,WB001,Kolkata Park Street,Rahul Sen,EMP0115,Employee 115,Relationship Manager,Jan-2026,Cards,Cards,Credit Card,20,25,"855,705.46","1,112,051.84",129.96,75,15,20.00,153,45,"44,482.07","133,446.22","6,988.87",86.92,No,"256,346.38","7,268.31","24,712.26",0.20,Achieved
India,East,Kolkata Cluster,West Bengal,WB001,Kolkata Park Street,Rahul Sen,EMP0115,Employee 115,Relationship Manager,Feb-2026,CASA,Accounts,Savings Account,34,33,"1,105,164.45","1,125,427.75",101.83,165,37,22.42,146,30,"34,103.87","90,034.22","3,781.38",96.67,Yes,"20,263.29","7,708.41","37,514.26",0.22,Achieved
India,East,Kolkata Cluster,West Bengal,WB001,Kolkata Park Street,Rahul Sen,EMP0115,Employee 115,Relationship Manager,Mar-2026,Insurance,Insurance,General Insurance,10,12,"422,426.63","536,332.04",126.96,48,12,25.00,124,27,"44,694.34","75,086.49","5,983.41",80.47,No,"113,905.41","4,325.26","19,864.15",0.25,Achieved
India,East,Kolkata Cluster,West Bengal,WB001,Kolkata Park Street,Rahul Sen,EMP0115,Employee 115,Relationship Manager,Apr-2026,Cards,Cards,Debit Card,28,24,"298,387.41","274,638.67",92.04,120,35,29.17,109,17,"11,443.28","10,985.55",842.06,80.32,No,"-23,748.74","2,519.62","16,155.22",0.29,Below Target
India,East,Kolkata Cluster,West Bengal,WB001,Kolkata Park Street,Rahul Sen,EMP0115,Employee 115,Relationship Manager,May-2026,CASA,Accounts,Current Account,11,6,"2,436,992.21","1,618,121.89",66.40,24,5,20.83,161,49,"269,686.98","161,812.19","7,488.61",85.60,No,"-818,870.32","10,050.45","33,022.90",0.21,Below Target
India,East,Kolkata Cluster,West Bengal,WB001,Kolkata Park Street,Rahul Sen,EMP0115,Employee 115,Relationship Manager,Jun-2026,Investments,Investments,Recurring Deposit,18,17,"768,361.47","728,720.42",94.84,85,18,21.18,104,42,"42,865.91","43,723.23","4,100.81",92.76,Yes,"-39,641.05","7,006.93","17,350.49",0.21,Below Target
India,East,Kolkata Cluster,West Bengal,WB001,Kolkata Park Street,Rahul Sen,EMP0116,Employee 116,Sales Officer,Jan-2026,Loans,Retail Lending,Auto Loan,5,5,"1,489,177.48","1,655,673.52",111.18,30,3,10.00,162,38,"331,134.70","149,010.62","8,573.80",94.75,No,"166,496.03","10,220.21","43,570.36",0.10,Achieved
India,East,Kolkata Cluster,West Bengal,WB001,Kolkata Park Street,Rahul Sen,EMP0116,Employee 116,Sales Officer,Feb-2026,Investments,Investments,Mutual Fund,7,8,"1,820,246.63","2,088,365.71",114.73,24,6,25.00,142,43,"261,045.71","208,836.57","13,951.58",87.85,No,"268,119.09","14,706.80","48,566.64",0.25,Achieved
India,East,Kolkata Cluster,West Bengal,WB001,Kolkata Park Street,Rahul Sen,EMP0116,Employee 116,Sales Officer,Mar-2026,Loans,Retail Lending,Home Loan,4,3,"7,320,758.42","6,779,586.02",92.61,9,1,11.11,70,41,"2,259,862.01","542,366.88","42,148.76",81.37,No,"-541,172.40","96,851.23","165,355.76",0.11,Below Target
India,East,Kolkata Cluster,West Bengal,WB001,Kolkata Park Street,Rahul Sen,EMP0116,Employee 116,Sales Officer,Apr-2026,Loans,Retail Lending,Home Loan,4,4,"8,084,865.19","8,735,480.04",108.05,20,2,10.00,146,43,"2,183,870.01","698,838.40","69,809.31",92.50,No,"650,614.85","59,832.06","203,150.70",0.10,Achieved
India,East,Kolkata Cluster,West Bengal,WB001,Kolkata Park Street,Rahul Sen,EMP0116,Employee 116,Sales Officer,May-2026,Insurance,Insurance,Life Insurance,7,9,"629,423.26","827,995.03",131.55,54,18,33.33,113,24,"91,999.45","149,039.11","14,295.05",78.58,No,"198,571.77","7,327.39","34,499.79",0.33,Achieved
India,East,Kolkata Cluster,West Bengal,WB001,Kolkata Park Street,Rahul Sen,EMP0116,Employee 116,Sales Officer,Jun-2026,Loans,Retail Lending,Home Loan,4,5,"9,555,100.76","12,880,619.68",134.80,25,3,12.00,131,21,"2,576,123.94","1,030,449.57","77,477.00",92.81,No,"3,325,518.93","98,325.34","613,362.84",0.12,Achieved
India,East,Kolkata Cluster,West Bengal,WB001,Kolkata Park Street,Rahul Sen,EMP0117,Employee 117,Senior Sales Officer,Jan-2026,Investments,Investments,Mutual Fund,8,7,"2,060,632.30","2,075,949.82",100.74,28,3,10.71,112,21,"296,564.26","207,594.98","10,218.85",84.81,Yes,"15,317.52","18,535.27","98,854.75",0.11,Achieved
India,East,Kolkata Cluster,West Bengal,WB001,Kolkata Park Street,Rahul Sen,EMP0117,Employee 117,Senior Sales Officer,Feb-2026,Loans,Retail Lending,Auto Loan,6,6,"1,574,662.60","1,690,357.65",107.35,36,10,27.78,132,43,"281,726.27","152,132.19","10,222.63",96.57,No,"115,695.05","12,805.74","39,310.64",0.28,Achieved
India,East,Kolkata Cluster,West Bengal,WB001,Kolkata Park Street,Rahul Sen,EMP0117,Employee 117,Senior Sales Officer,Mar-2026,Insurance,Insurance,General Insurance,10,11,"458,080.48","571,478.69",124.76,55,9,16.36,137,37,"51,952.61","80,007.02","7,561.16",89.80,No,"113,398.21","4,171.38","15,445.37",0.16,Achieved
India,East,Kolkata Cluster,West Bengal,WB001,Kolkata Park Street,Rahul Sen,EMP0117,Employee 117,Senior Sales Officer,Apr-2026,CASA,Accounts,Current Account,13,10,"2,551,354.15","2,099,390.67",82.29,60,18,30.00,71,38,"209,939.07","209,939.07","16,887.59",90.00,No,"-451,963.48","29,568.88","55,247.12",0.30,Below Target
India,East,Kolkata Cluster,West Bengal,WB001,Kolkata Park Street,Rahul Sen,EMP0117,Employee 117,Senior Sales Officer,May-2026,Loans,Retail Lending,Home Loan,4,3,"8,248,931.43","7,271,327.07",88.15,12,3,25.00,79,35,"2,423,775.69","581,706.17","30,465.01",95.77,No,"-977,604.36","92,042.11","207,752.20",0.25,Below Target
India,East,Kolkata Cluster,West Bengal,WB001,Kolkata Park Street,Rahul Sen,EMP0117,Employee 117,Senior Sales Officer,Jun-2026,Loans,Retail Lending,Home Loan,4,2,"7,769,596.62","4,986,272.68",64.18,7,1,14.29,139,25,"2,493,136.34","398,901.81","24,416.24",100.00,No,"-2,783,323.94","35,872.47","199,450.91",0.14,Below Target
India,East,Kolkata Cluster,West Bengal,WB001,Kolkata Park Street,Rahul Sen,EMP0118,Employee 118,Sales Officer,Jan-2026,Insurance,Insurance,General Insurance,9,8,"497,939.77","468,826.94",94.15,48,6,12.50,134,40,"58,603.37","65,635.77","5,402.07",88.59,No,"-29,112.84","3,498.71","11,720.67",0.12,Below Target
India,East,Kolkata Cluster,West Bengal,WB001,Kolkata Park Street,Rahul Sen,EMP0118,Employee 118,Sales Officer,Feb-2026,Loans,Retail Lending,Auto Loan,6,5,"1,692,721.29","1,730,290.70",102.22,15,3,20.00,77,18,"346,058.14","155,726.16","12,234.85",86.84,No,"37,569.41","22,471.31","96,127.26",0.20,Achieved
India,East,Kolkata Cluster,West Bengal,WB001,Kolkata Park Street,Rahul Sen,EMP0118,Employee 118,Sales Officer,Mar-2026,Cards,Cards,Debit Card,34,22,"315,324.64","228,034.25",72.32,66,8,12.12,76,30,"10,365.19","9,121.37",610.65,93.14,No,"-87,290.39","3,000.45","7,601.14",0.12,Below Target
India,East,Kolkata Cluster,West Bengal,WB001,Kolkata Park Street,Rahul Sen,EMP0118,Employee 118,Sales Officer,Apr-2026,CASA,Accounts,Current Account,10,10,"2,373,406.23","2,494,926.80",105.12,40,10,25.00,148,24,"249,492.68","249,492.68","15,514.52",83.24,No,"121,520.57","16,857.61","103,955.28",0.25,Achieved
India,East,Kolkata Cluster,West Bengal,WB001,Kolkata Park Street,Rahul Sen,EMP0118,Employee 118,Sales Officer,May-2026,Cards,Cards,Debit Card,32,41,"391,261.28","506,831.30",129.54,205,69,33.66,164,20,"12,361.74","20,273.25",874.24,83.68,No,"115,570.02","3,090.43","25,341.56",0.34,Achieved
India,East,Kolkata Cluster,West Bengal,WB001,Kolkata Park Street,Rahul Sen,EMP0118,Employee 118,Sales Officer,Jun-2026,Cards,Cards,Credit Card,18,12,"801,312.33","521,452.17",65.07,60,8,13.33,129,15,"43,454.35","62,574.26","3,432.44",83.70,No,"-279,860.16","4,042.26","34,763.48",0.13,Below Target
India,East,Kolkata Cluster,West Bengal,WB001,Kolkata Park Street,Rahul Sen,EMP0119,Employee 119,Relationship Manager,Jan-2026,Insurance,Insurance,General Insurance,9,6,"482,711.88","347,663.09",72.02,24,3,12.50,123,31,"57,943.85","48,672.83","3,356.66",91.07,No,"-135,048.79","2,826.53","11,214.94",0.12,Below Target
India,East,Kolkata Cluster,West Bengal,WB001,Kolkata Park Street,Rahul Sen,EMP0119,Employee 119,Relationship Manager,Feb-2026,CASA,Accounts,Current Account,10,7,"2,522,375.42","1,871,035.81",74.18,21,5,23.81,108,18,"267,290.83","187,103.58","10,664.49",93.66,No,"-651,339.61","17,324.41","103,946.43",0.24,Below Target
India,East,Kolkata Cluster,West Bengal,WB001,Kolkata Park Street,Rahul Sen,EMP0119,Employee 119,Relationship Manager,Mar-2026,Investments,Investments,Recurring Deposit,18,21,"798,889.99","922,291.35",115.45,126,18,14.29,128,18,"43,918.64","55,337.48","4,257.86",83.06,No,"123,401.36","7,205.40","51,238.41",0.14,Achieved
India,East,Kolkata Cluster,West Bengal,WB001,Kolkata Park Street,Rahul Sen,EMP0119,Employee 119,Relationship Manager,Apr-2026,Investments,Investments,Recurring Deposit,19,15,"730,419.77","595,981.83",81.59,45,12,26.67,139,39,"39,732.12","35,758.91","1,948.72",85.45,No,"-134,437.94","4,287.64","15,281.59",0.27,Below Target
India,East,Kolkata Cluster,West Bengal,WB001,Kolkata Park Street,Rahul Sen,EMP0119,Employee 119,Relationship Manager,May-2026,Loans,Retail Lending,Home Loan,4,3,"8,206,644.74","6,938,734.00",84.55,18,4,22.22,88,48,"2,312,911.33","555,098.72","38,570.72",91.57,No,"-1,267,910.75","78,849.25","144,556.96",0.22,Below Target
India,East,Kolkata Cluster,West Bengal,WB001,Kolkata Park Street,Rahul Sen,EMP0119,Employee 119,Relationship Manager,Jun-2026,CASA,Accounts,Savings Account,30,18,"1,266,793.90","787,404.72",62.16,90,23,25.56,97,32,"43,744.71","62,992.38","3,271.41",78.62,No,"-479,389.19","8,117.57","24,606.40",0.26,Below Target
India,East,Kolkata Cluster,West Bengal,WB001,Kolkata Park Street,Rahul Sen,EMP0120,Employee 120,Relationship Manager,Jan-2026,Insurance,Insurance,General Insurance,10,7,"387,943.91","269,668.23",69.51,35,6,17.14,176,33,"38,524.03","37,753.55","2,017.14",82.53,No,"-118,275.67","1,532.21","8,171.76",0.17,Below Target
India,East,Kolkata Cluster,West Bengal,WB001,Kolkata Park Street,Rahul Sen,EMP0120,Employee 120,Relationship Manager,Feb-2026,Investments,Investments,Mutual Fund,9,8,"1,810,886.52","1,568,246.93",86.60,48,7,14.58,119,32,"196,030.87","156,824.69","8,223.41",83.83,No,"-242,639.59","13,178.55","49,007.72",0.15,Below Target
India,East,Kolkata Cluster,West Bengal,WB001,Kolkata Park Street,Rahul Sen,EMP0120,Employee 120,Relationship Manager,Mar-2026,Insurance,Insurance,Life Insurance,7,4,"608,837.35","402,445.67",66.10,20,6,30.00,106,27,"100,611.42","72,440.22","4,663.34",94.97,No,"-206,391.68","3,796.66","14,905.40",0.30,Below Target
India,East,Kolkata Cluster,West Bengal,WB001,Kolkata Park Street,Rahul Sen,EMP0120,Employee 120,Relationship Manager,Apr-2026,CASA,Accounts,Savings Account,31,24,"1,293,873.35","920,341.83",71.13,144,41,28.47,117,34,"38,347.58","73,627.35","3,413.92",84.62,No,"-373,531.52","7,866.17","27,068.88",0.28,Below Target
India,East,Kolkata Cluster,West Bengal,WB001,Kolkata Park Street,Rahul Sen,EMP0120,Employee 120,Relationship Manager,May-2026,Investments,Investments,Mutual Fund,8,8,"1,618,081.92","1,655,767.63",102.33,40,8,20.00,168,39,"206,970.95","165,576.76","10,194.99",89.14,No,"37,685.70","9,855.76","42,455.58",0.20,Achieved
India,East,Kolkata Cluster,West Bengal,WB001,Kolkata Park Street,Rahul Sen,EMP0120,Employee 120,Relationship Manager,Jun-2026,Cards,Cards,Credit Card,17,18,"794,979.43","840,915.21",105.78,54,15,27.78,138,18,"46,717.51","100,909.82","4,333.99",74.32,No,"45,935.78","6,093.59","46,717.51",0.28,Achieved
India,East,Kolkata Cluster,Odisha,OD001,Bhubaneswar Saheed Nagar,Pooja Das,EMP0121,Employee 121,Sales Officer,Jan-2026,Insurance,Insurance,Life Insurance,6,5,"735,576.53","682,289.93",92.76,15,1,6.67,104,37,"136,457.99","122,812.19","11,702.46",85.49,Yes,"-53,286.60","6,560.48","18,440.27",0.07,Below Target
India,East,Kolkata Cluster,Odisha,OD001,Bhubaneswar Saheed Nagar,Pooja Das,EMP0121,Employee 121,Sales Officer,Feb-2026,CASA,Accounts,Current Account,13,10,"2,202,533.51","1,726,390.91",78.38,50,13,26.00,125,45,"172,639.09","172,639.09","11,836.35",82.67,Yes,"-476,142.60","13,811.13","38,364.24",0.26,Below Target
India,East,Kolkata Cluster,Odisha,OD001,Bhubaneswar Saheed Nagar,Pooja Das,EMP0121,Employee 121,Sales Officer,Mar-2026,Investments,Investments,Mutual Fund,8,9,"1,789,268.16","2,327,566.13",130.08,54,10,18.52,147,25,"258,618.46","232,756.61","10,282.90",76.33,No,"538,297.97","15,833.78","93,102.65",0.19,Achieved
India,East,Kolkata Cluster,Odisha,OD001,Bhubaneswar Saheed Nagar,Pooja Das,EMP0121,Employee 121,Sales Officer,Apr-2026,Insurance,Insurance,General Insurance,8,5,"401,549.80","306,493.35",76.33,20,3,15.00,78,21,"61,298.67","42,909.07","3,965.37",91.14,No,"-95,056.46","3,929.40","14,594.92",0.15,Below Target
India,East,Kolkata Cluster,Odisha,OD001,Bhubaneswar Saheed Nagar,Pooja Das,EMP0121,Employee 121,Sales Officer,May-2026,CASA,Accounts,Current Account,13,11,"2,629,209.12","2,593,492.03",98.64,33,11,33.33,119,42,"235,772.00","259,349.20","11,825.77",89.92,No,"-35,717.10","21,794.05","61,749.81",0.33,Below Target
India,East,Kolkata Cluster,Odisha,OD001,Bhubaneswar Saheed Nagar,Pooja Das,EMP0121,Employee 121,Sales Officer,Jun-2026,Investments,Investments,Mutual Fund,8,8,"1,545,302.22","1,799,885.18",116.47,40,9,22.50,131,36,"224,985.65","179,988.52","9,519.82",95.55,No,"254,582.96","13,739.58","49,996.81",0.22,Achieved
India,East,Kolkata Cluster,Odisha,OD001,Bhubaneswar Saheed Nagar,Pooja Das,EMP0122,Employee 122,Sales Officer,Jan-2026,Cards,Cards,Credit Card,20,22,"937,788.22","1,130,947.08",120.60,110,23,20.91,156,17,"51,406.69","135,713.65","12,487.89",96.82,No,"193,158.86","7,249.66","66,526.30",0.21,Achieved
India,East,Kolkata Cluster,Odisha,OD001,Bhubaneswar Saheed Nagar,Pooja Das,EMP0122,Employee 122,Sales Officer,Feb-2026,Investments,Investments,Mutual Fund,8,6,"1,914,308.31","1,564,306.69",81.72,18,2,11.11,177,35,"260,717.78","156,430.67","14,368.76",80.63,No,"-350,001.62","8,837.89","44,694.48",0.11,Below Target
India,East,Kolkata Cluster,Odisha,OD001,Bhubaneswar Saheed Nagar,Pooja Das,EMP0122,Employee 122,Sales Officer,Mar-2026,Cards,Cards,Credit Card,18,13,"872,568.13","620,199.45",71.08,78,18,23.08,154,40,"47,707.65","74,423.93","6,645.66",86.62,No,"-252,368.68","4,027.27","15,504.99",0.23,Below Target
India,East,Kolkata Cluster,Odisha,OD001,Bhubaneswar Saheed Nagar,Pooja Das,EMP0122,Employee 122,Sales Officer,Apr-2026,Investments,Investments,Recurring Deposit,15,17,"686,623.30","866,017.23",126.13,102,32,31.37,150,26,"50,942.19","51,961.03","4,676.63",90.69,No,"179,393.93","5,773.45","33,308.35",0.31,Achieved
India,East,Kolkata Cluster,Odisha,OD001,Bhubaneswar Saheed Nagar,Pooja Das,EMP0122,Employee 122,Sales Officer,May-2026,Insurance,Insurance,General Insurance,8,6,"492,213.56","381,720.84",77.55,36,4,11.11,106,35,"63,620.14","53,440.92","4,394.70",88.31,No,"-110,492.72","3,601.14","10,906.31",0.11,Below Target
India,East,Kolkata Cluster,Odisha,OD001,Bhubaneswar Saheed Nagar,Pooja Das,EMP0122,Employee 122,Sales Officer,Jun-2026,Insurance,Insurance,General Insurance,8,9,"403,604.74","450,053.94",111.51,36,9,25.00,151,49,"50,005.99","63,007.55","4,292.65",96.87,No,"46,449.20","2,980.49","9,184.77",0.25,Achieved
India,East,Kolkata Cluster,Odisha,OD001,Bhubaneswar Saheed Nagar,Pooja Das,EMP0123,Employee 123,Sales Officer,Jan-2026,Insurance,Insurance,Life Insurance,7,3,"630,842.26","363,904.34",57.69,18,5,27.78,100,42,"121,301.45","65,502.78","5,256.57",100.00,No,"-266,937.93","3,639.04","8,664.39",0.28,Below Target
India,East,Kolkata Cluster,Odisha,OD001,Bhubaneswar Saheed Nagar,Pooja Das,EMP0123,Employee 123,Sales Officer,Feb-2026,Insurance,Insurance,General Insurance,10,11,"513,390.18","619,069.61",120.58,55,16,29.09,105,43,"56,279.06","86,669.75","7,930.49",87.73,Yes,"105,679.43","5,895.90","14,396.97",0.29,Achieved
India,East,Kolkata Cluster,Odisha,OD001,Bhubaneswar Saheed Nagar,Pooja Das,EMP0123,Employee 123,Sales Officer,Mar-2026,Loans,Retail Lending,Auto Loan,6,7,"1,531,055.99","1,984,247.85",129.60,28,3,10.71,122,32,"283,463.98","178,582.31","12,604.94",84.85,No,"453,191.87","16,264.33","62,007.75",0.11,Achieved
India,East,Kolkata Cluster,Odisha,OD001,Bhubaneswar Saheed Nagar,Pooja Das,EMP0123,Employee 123,Sales Officer,Apr-2026,CASA,Accounts,Savings Account,39,46,"1,339,580.78","1,527,766.88",114.05,230,67,29.13,72,46,"33,212.32","122,221.35","9,082.24",93.36,No,"188,186.10","21,218.98","33,212.32",0.29,Achieved
India,East,Kolkata Cluster,Odisha,OD001,Bhubaneswar Saheed Nagar,Pooja Das,EMP0123,Employee 123,Sales Officer,May-2026,Investments,Investments,Fixed Deposit,17,13,"2,827,769.38","2,156,413.32",76.26,65,18,27.69,122,22,"165,877.95","150,948.93","8,449.33",85.54,No,"-671,356.06","17,675.52","98,018.79",0.28,Below Target
India,East,Kolkata Cluster,Odisha,OD001,Bhubaneswar Saheed Nagar,Pooja Das,EMP0123,Employee 123,Sales Officer,Jun-2026,Investments,Investments,Mutual Fund,6,5,"1,875,983.52","1,698,768.10",90.55,20,5,25.00,114,42,"339,753.62","169,876.81","11,037.41",76.83,No,"-177,215.42","14,901.47","40,446.86",0.25,Below Target
India,East,Kolkata Cluster,Odisha,OD001,Bhubaneswar Saheed Nagar,Pooja Das,EMP0124,Employee 124,Relationship Manager,Jan-2026,Insurance,Insurance,Life Insurance,6,4,"783,259.30","588,749.04",75.17,20,4,20.00,142,29,"147,187.26","105,974.83","8,326.44",82.46,No,"-194,510.26","4,146.12","20,301.69",0.20,Below Target
India,East,Kolkata Cluster,Odisha,OD001,Bhubaneswar Saheed Nagar,Pooja Das,EMP0124,Employee 124,Relationship Manager,Feb-2026,CASA,Accounts,Savings Account,36,41,"1,293,199.99","1,514,637.87",117.12,164,57,34.76,163,41,"36,942.39","121,171.03","9,291.57",82.41,Yes,"221,437.89","9,292.26","36,942.39",0.35,Achieved
India,East,Kolkata Cluster,Odisha,OD001,Bhubaneswar Saheed Nagar,Pooja Das,EMP0124,Employee 124,Relationship Manager,Mar-2026,Cards,Cards,Debit Card,29,23,"315,465.76","277,993.64",88.12,69,19,27.54,91,47,"12,086.68","11,119.75",966.50,81.53,No,"-37,472.12","3,054.88","5,914.76",0.28,Below Target
India,East,Kolkata Cluster,Odisha,OD001,Bhubaneswar Saheed Nagar,Pooja Das,EMP0124,Employee 124,Relationship Manager,Apr-2026,Cards,Cards,Credit Card,17,12,"850,455.48","578,975.40",68.08,36,5,13.89,170,28,"48,247.95","69,477.05","6,673.63",87.82,No,"-271,480.08","3,405.74","20,677.69",0.14,Below Target
India,East,Kolkata Cluster,Odisha,OD001,Bhubaneswar Saheed Nagar,Pooja Das,EMP0124,Employee 124,Relationship Manager,May-2026,Insurance,Insurance,Life Insurance,6,5,"684,574.60","570,861.30",83.39,15,2,13.33,177,29,"114,172.26","102,755.03","7,863.16",92.90,Yes,"-113,713.30","3,225.21","19,684.87",0.13,Below Target
India,East,Kolkata Cluster,Odisha,OD001,Bhubaneswar Saheed Nagar,Pooja Das,EMP0124,Employee 124,Relationship Manager,Jun-2026,Cards,Cards,Credit Card,15,16,"925,969.32","1,121,640.57",121.13,48,15,31.25,120,25,"70,102.54","134,596.87","11,138.71",83.08,No,"195,671.25","9,347.00","44,865.62",0.31,Achieved
India,East,Kolkata Cluster,Odisha,OD001,Bhubaneswar Saheed Nagar,Pooja Das,EMP0125,Employee 125,Sales Officer,Jan-2026,Insurance,Insurance,General Insurance,9,5,"404,474.77","229,701.69",56.79,25,3,12.00,75,21,"45,940.34","32,158.24","2,323.27",87.15,No,"-174,773.08","3,062.69","10,938.18",0.12,Below Target
India,East,Kolkata Cluster,Odisha,OD001,Bhubaneswar Saheed Nagar,Pooja Das,EMP0125,Employee 125,Sales Officer,Feb-2026,Insurance,Insurance,General Insurance,10,4,"513,266.22","193,917.24",37.78,20,4,20.00,110,42,"48,479.31","27,148.41","1,307.88",92.55,No,"-319,348.98","1,762.88","4,617.08",0.20,Below Target
India,East,Kolkata Cluster,Odisha,OD001,Bhubaneswar Saheed Nagar,Pooja Das,EMP0125,Employee 125,Sales Officer,Mar-2026,Loans,Retail Lending,Home Loan,4,4,"7,550,320.00","9,819,647.93",130.06,24,5,20.83,107,30,"2,454,911.98","785,571.83","69,273.87",96.65,No,"2,269,327.93","91,772.41","327,321.60",0.21,Achieved
India,East,Kolkata Cluster,Odisha,OD001,Bhubaneswar Saheed Nagar,Pooja Das,EMP0125,Employee 125,Sales Officer,Apr-2026,Investments,Investments,Mutual Fund,6,5,"1,620,210.06","1,728,330.69",106.67,30,4,13.33,132,18,"345,666.14","172,833.07","14,919.28",90.62,No,"108,120.63","13,093.41","96,018.37",0.13,Achieved
India,East,Kolkata Cluster,Odisha,OD001,Bhubaneswar Saheed Nagar,Pooja Das,EMP0125,Employee 125,Sales Officer,May-2026,Loans,Retail Lending,Auto Loan,6,6,"1,740,181.40","1,864,089.12",107.12,18,5,27.78,138,19,"310,681.52","167,768.02","11,221.94",87.43,No,"123,907.71","13,507.89","98,109.95",0.28,Achieved
India,East,Kolkata Cluster,Odisha,OD001,Bhubaneswar Saheed Nagar,Pooja Das,EMP0125,Employee 125,Sales Officer,Jun-2026,Insurance,Insurance,General Insurance,9,5,"498,743.50","283,497.14",56.84,25,4,16.00,177,19,"56,699.43","39,689.60","2,287.62",82.43,No,"-215,246.35","1,601.68","14,920.90",0.16,Below Target
India,East,Kolkata Cluster,Odisha,OD001,Bhubaneswar Saheed Nagar,Pooja Das,EMP0126,Employee 126,Sales Officer,Jan-2026,Loans,Retail Lending,Personal Loan,9,8,"4,459,937.46","4,476,159.13",100.36,24,7,29.17,84,17,"559,519.89","492,377.50","44,728.21",90.56,No,"16,221.67","53,287.61","263,303.48",0.29,Achieved
India,East,Kolkata Cluster,Odisha,OD001,Bhubaneswar Saheed Nagar,Pooja Das,EMP0126,Employee 126,Sales Officer,Feb-2026,Loans,Retail Lending,Home Loan,3,4,"9,590,168.39","12,409,817.33",129.40,12,2,16.67,72,40,"3,102,454.33","992,785.39","69,321.60",95.61,No,"2,819,648.94","172,358.57","310,245.43",0.17,Achieved
India,East,Kolkata Cluster,Odisha,OD001,Bhubaneswar Saheed Nagar,Pooja Das,EMP0126,Employee 126,Sales Officer,Mar-2026,Investments,Investments,Fixed Deposit,15,14,"2,621,567.74","2,593,090.05",98.91,56,18,32.14,116,37,"185,220.72","181,516.30","17,182.50",95.34,Yes,"-28,477.69","22,354.22","70,083.51",0.32,Below Target
India,East,Kolkata Cluster,Odisha,OD001,Bhubaneswar Saheed Nagar,Pooja Das,EMP0126,Employee 126,Sales Officer,Apr-2026,Investments,Investments,Fixed Deposit,17,16,"3,233,125.24","3,065,031.56",94.80,64,10,15.62,70,42,"191,564.47","214,552.21","15,051.45",93.79,No,"-168,093.69","43,786.17","72,976.94",0.16,Below Target
India,East,Kolkata Cluster,Odisha,OD001,Bhubaneswar Saheed Nagar,Pooja Das,EMP0126,Employee 126,Sales Officer,May-2026,Loans,Retail Lending,Home Loan,3,3,"7,887,007.09","8,630,262.50",109.42,12,3,25.00,91,43,"2,876,754.17","690,421.00","29,058.41",91.42,No,"743,255.41","94,838.05","200,703.78",0.25,Achieved
India,East,Kolkata Cluster,Odisha,OD001,Bhubaneswar Saheed Nagar,Pooja Das,EMP0126,Employee 126,Sales Officer,Jun-2026,Loans,Retail Lending,Personal Loan,9,10,"4,643,791.50","5,377,745.77",115.81,50,10,20.00,165,18,"537,774.58","591,552.03","33,069.00",91.87,No,"733,954.26","32,592.40","298,763.65",0.20,Achieved
India,East,Kolkata Cluster,Odisha,OD001,Bhubaneswar Saheed Nagar,Pooja Das,EMP0127,Employee 127,Sales Officer,Jan-2026,Loans,Retail Lending,Auto Loan,5,5,"1,672,564.94","1,828,249.07",109.31,20,3,15.00,147,48,"365,649.81","164,542.42","10,248.99",93.06,No,"155,684.13","12,437.07","38,088.52",0.15,Achieved
India,East,Kolkata Cluster,Odisha,OD001,Bhubaneswar Saheed Nagar,Pooja Das,EMP0127,Employee 127,Sales Officer,Feb-2026,Loans,Retail Lending,Home Loan,4,3,"8,330,995.44","7,224,624.93",86.72,15,4,26.67,77,28,"2,408,208.31","577,969.99","42,498.40",85.17,No,"-1,106,370.51","93,826.30","258,022.32",0.27,Below Target
India,East,Kolkata Cluster,Odisha,OD001,Bhubaneswar Saheed Nagar,Pooja Das,EMP0127,Employee 127,Sales Officer,Mar-2026,Cards,Cards,Debit Card,34,40,"311,772.94","370,000.43",118.68,160,20,12.50,124,30,"9,250.01","14,800.02","1,035.74",83.82,No,"58,227.49","2,983.87","12,333.35",0.12,Achieved
India,East,Kolkata Cluster,Odisha,OD001,Bhubaneswar Saheed Nagar,Pooja Das,EMP0127,Employee 127,Sales Officer,Apr-2026,CASA,Accounts,Savings Account,29,20,"1,310,936.54","872,940.39",66.59,100,21,21.00,119,42,"43,647.02","69,835.23","4,538.98",88.76,No,"-437,996.15","7,335.63","20,784.30",0.21,Below Target
India,East,Kolkata Cluster,Odisha,OD001,Bhubaneswar Saheed Nagar,Pooja Das,EMP0127,Employee 127,Sales Officer,May-2026,Cards,Cards,Debit Card,29,24,"366,619.80","293,742.71",80.12,120,22,18.33,155,31,"12,239.28","11,749.71",735.20,84.04,No,"-72,877.09","1,895.11","9,475.57",0.18,Below Target
India,East,Kolkata Cluster,Odisha,OD001,Bhubaneswar Saheed Nagar,Pooja Das,EMP0127,Employee 127,Sales Officer,Jun-2026,Insurance,Insurance,Life Insurance,7,11,"768,959.41","1,210,868.95",157.47,33,8,24.24,177,27,"110,079.00","217,956.41","18,448.48",81.04,No,"441,909.54","6,841.07","44,847.00",0.24,Achieved
India,East,Kolkata Cluster,Odisha,OD001,Bhubaneswar Saheed Nagar,Pooja Das,EMP0128,Employee 128,Sales Officer,Jan-2026,Insurance,Insurance,Life Insurance,7,7,"769,915.65","827,511.84",107.48,35,11,31.43,102,42,"118,215.98","148,952.13","13,852.69",100.00,No,"57,596.19","8,112.86","19,702.66",0.31,Achieved
India,East,Kolkata Cluster,Odisha,OD001,Bhubaneswar Saheed Nagar,Pooja Das,EMP0128,Employee 128,Sales Officer,Feb-2026,CASA,Accounts,Savings Account,37,47,"1,359,336.97","1,868,571.29",137.46,235,50,21.28,93,38,"39,756.84","149,485.70","11,875.01",95.36,No,"509,234.31","20,092.16","49,172.93",0.21,Achieved
India,East,Kolkata Cluster,Odisha,OD001,Bhubaneswar Saheed Nagar,Pooja Das,EMP0128,Employee 128,Sales Officer,Mar-2026,Investments,Investments,Recurring Deposit,17,13,"676,030.48","581,597.50",86.03,78,17,21.79,112,22,"44,738.27","34,895.85","2,288.01",93.92,No,"-94,432.99","5,192.83","26,436.25",0.22,Below Target
India,East,Kolkata Cluster,Odisha,OD001,Bhubaneswar Saheed Nagar,Pooja Das,EMP0128,Employee 128,Sales Officer,Apr-2026,Loans,Retail Lending,Personal Loan,8,4,"4,522,337.79","2,715,140.49",60.04,24,7,29.17,138,17,"678,785.12","298,665.45","28,640.19",74.64,No,"-1,807,197.30","19,674.93","159,714.15",0.29,Below Target
India,East,Kolkata Cluster,Odisha,OD001,Bhubaneswar Saheed Nagar,Pooja Das,EMP0128,Employee 128,Sales Officer,May-2026,Investments,Investments,Mutual Fund,7,5,"2,047,231.06","1,850,362.65",90.38,30,6,20.00,132,39,"370,072.53","185,036.26","12,038.15",82.67,No,"-196,868.42","14,017.90","47,445.20",0.20,Below Target
India,East,Kolkata Cluster,Odisha,OD001,Bhubaneswar Saheed Nagar,Pooja Das,EMP0128,Employee 128,Sales Officer,Jun-2026,Loans,Retail Lending,Auto Loan,5,4,"1,643,382.86","1,270,885.95",77.33,12,1,8.33,115,23,"317,721.49","114,379.74","5,742.91",93.34,No,"-372,496.91","11,051.18","55,255.91",0.08,Below Target
India,East,Bihar-Jharkhand Cluster,Bihar,BR001,Patna Boring Road,Nitin Sinha,EMP0129,Employee 129,Sales Officer,Jan-2026,Cards,Cards,Credit Card,19,19,"856,574.42","798,107.49",93.17,76,22,28.95,113,44,"42,005.66","95,772.90","8,760.67",84.20,No,"-58,466.94","7,062.90","18,138.81",0.29,Below Target
India,East,Bihar-Jharkhand Cluster,Bihar,BR001,Patna Boring Road,Nitin Sinha,EMP0129,Employee 129,Sales Officer,Feb-2026,Loans,Retail Lending,Personal Loan,8,7,"4,074,650.13","3,447,229.35",84.60,28,9,32.14,86,46,"492,461.34","379,195.23","18,367.91",87.77,No,"-627,420.78","40,084.06","74,939.77",0.32,Below Target
India,East,Bihar-Jharkhand Cluster,Bihar,BR001,Patna Boring Road,Nitin Sinha,EMP0129,Employee 129,Sales Officer,Mar-2026,Loans,Retail Lending,Home Loan,3,0,"9,174,026.20","694,780.21",7.57,5,1,20.00,119,22,0.00,"55,582.42","5,029.18",88.53,No,"-8,479,245.99","5,838.49","31,580.92",0.20,Below Target
India,East,Bihar-Jharkhand Cluster,Bihar,BR001,Patna Boring Road,Nitin Sinha,EMP0129,Employee 129,Sales Officer,Apr-2026,Loans,Retail Lending,Auto Loan,6,4,"1,650,564.94","1,054,618.76",63.89,16,3,18.75,102,47,"263,654.69","94,915.69","7,836.13",88.54,No,"-595,946.18","10,339.40","22,438.70",0.19,Below Target
India,East,Bihar-Jharkhand Cluster,Bihar,BR001,Patna Boring Road,Nitin Sinha,EMP0129,Employee 129,Sales Officer,May-2026,Loans,Retail Lending,Home Loan,3,2,"8,824,658.55","7,590,137.31",86.01,12,1,8.33,123,24,"3,795,068.65","607,210.98","39,469.74",74.55,No,"-1,234,521.24","61,708.43","316,255.72",0.08,Below Target
India,East,Bihar-Jharkhand Cluster,Bihar,BR001,Patna Boring Road,Nitin Sinha,EMP0129,Employee 129,Sales Officer,Jun-2026,Cards,Cards,Credit Card,15,16,"941,962.24","908,963.46",96.50,64,21,32.81,172,27,"56,810.22","109,075.62","8,186.51",96.06,Yes,"-32,998.78","5,284.67","33,665.31",0.33,Below Target
India,East,Bihar-Jharkhand Cluster,Bihar,BR001,Patna Boring Road,Nitin Sinha,EMP0130,Employee 130,Sales Officer,Jan-2026,Loans,Retail Lending,Home Loan,3,3,"7,435,800.95","7,794,210.62",104.82,9,3,33.33,87,46,"2,598,070.21","623,536.85","26,620.57",75.49,Yes,"358,409.67","89,588.63","169,439.36",0.33,Achieved
India,East,Bihar-Jharkhand Cluster,Bihar,BR001,Patna Boring Road,Nitin Sinha,EMP0130,Employee 130,Sales Officer,Feb-2026,Cards,Cards,Credit Card,20,14,"884,006.62","688,191.88",77.85,42,5,11.90,161,44,"49,156.56","82,583.03","5,809.26",87.92,No,"-195,814.74","4,274.48","15,640.72",0.12,Below Target
India,East,Bihar-Jharkhand Cluster,Bihar,BR001,Patna Boring Road,Nitin Sinha,EMP0130,Employee 130,Sales Officer,Mar-2026,Insurance,Insurance,Life Insurance,7,8,"769,863.48","828,767.13",107.65,48,12,25.00,156,32,"103,595.89","149,178.08","14,175.78",91.56,No,"58,903.65","5,312.61","25,898.97",0.25,Achieved
India,East,Bihar-Jharkhand Cluster,Bihar,BR001,Patna Boring Road,Nitin Sinha,EMP0130,Employee 130,Sales Officer,Apr-2026,CASA,Accounts,Current Account,10,7,"2,563,841.25","1,821,015.90",71.03,21,6,28.57,148,30,"260,145.13","182,101.59","11,176.06",77.59,No,"-742,825.35","12,304.16","60,700.53",0.29,Below Target
India,East,Bihar-Jharkhand Cluster,Bihar,BR001,Patna Boring Road,Nitin Sinha,EMP0130,Employee 130,Sales Officer,May-2026,Cards,Cards,Credit Card,15,10,"838,566.14","654,717.02",78.08,50,15,30.00,177,23,"65,471.70","78,566.04","5,513.03",95.86,No,"-183,849.12","3,698.97","28,465.96",0.30,Below Target
India,East,Bihar-Jharkhand Cluster,Bihar,BR001,Patna Boring Road,Nitin Sinha,EMP0130,Employee 130,Sales Officer,Jun-2026,CASA,Accounts,Savings Account,37,43,"1,291,957.42","1,555,315.44",120.38,215,68,31.63,98,22,"36,170.13","124,425.24","5,810.03",86.36,No,"263,358.02","15,870.57","70,696.16",0.32,Achieved
India,East,Bihar-Jharkhand Cluster,Bihar,BR001,Patna Boring Road,Nitin Sinha,EMP0131,Employee 131,Sales Officer,Jan-2026,Cards,Cards,Debit Card,27,29,"306,299.44","338,663.15",110.57,87,29,33.33,81,27,"11,678.04","13,546.53","1,005.85",90.28,No,"32,363.71","4,181.03","12,543.08",0.33,Achieved
India,East,Bihar-Jharkhand Cluster,Bihar,BR001,Patna Boring Road,Nitin Sinha,EMP0131,Employee 131,Sales Officer,Feb-2026,Investments,Investments,Recurring Deposit,16,20,"719,809.66","941,792.43",130.84,80,25,31.25,129,26,"47,089.62","56,507.55","3,687.27",90.80,No,"221,982.77","7,300.72","36,222.79",0.31,Achieved
India,East,Bihar-Jharkhand Cluster,Bihar,BR001,Patna Boring Road,Nitin Sinha,EMP0131,Employee 131,Sales Officer,Mar-2026,Cards,Cards,Credit Card,18,22,"788,761.63","1,073,392.68",136.09,132,26,19.70,177,29,"48,790.58","128,807.12","12,605.45",99.22,No,"284,631.05","6,064.37","37,013.54",0.20,Achieved
India,East,Bihar-Jharkhand Cluster,Bihar,BR001,Patna Boring Road,Nitin Sinha,EMP0131,Employee 131,Sales Officer,Apr-2026,Cards,Cards,Credit Card,16,13,"987,852.05","920,083.96",93.14,52,13,25.00,149,43,"70,775.69","110,410.08","5,543.45",93.62,No,"-67,768.09","6,175.06","21,397.30",0.25,Below Target
India,East,Bihar-Jharkhand Cluster,Bihar,BR001,Patna Boring Road,Nitin Sinha,EMP0131,Employee 131,Sales Officer,May-2026,Cards,Cards,Credit Card,18,12,"994,900.80","693,455.40",69.70,60,18,30.00,84,45,"57,787.95","83,214.65","6,515.75",79.93,No,"-301,445.41","8,255.42","15,410.12",0.30,Below Target
India,East,Bihar-Jharkhand Cluster,Bihar,BR001,Patna Boring Road,Nitin Sinha,EMP0131,Employee 131,Sales Officer,Jun-2026,Loans,Retail Lending,Auto Loan,6,8,"1,713,414.35","2,586,418.48",150.95,40,9,22.50,137,43,"323,302.31","232,777.66","17,798.77",92.81,No,"873,004.13","18,878.97","60,149.27",0.22,Achieved
India,East,Bihar-Jharkhand Cluster,Bihar,BR001,Patna Boring Road,Nitin Sinha,EMP0132,Employee 132,Sales Officer,Jan-2026,CASA,Accounts,Savings Account,37,19,"1,251,757.42","626,523.76",50.05,95,27,28.42,149,24,"32,974.93","50,121.90","3,669.21",92.28,No,"-625,233.65","4,204.86","26,105.16",0.28,Below Target
India,East,Bihar-Jharkhand Cluster,Bihar,BR001,Patna Boring Road,Nitin Sinha,EMP0132,Employee 132,Sales Officer,Feb-2026,Investments,Investments,Mutual Fund,8,9,"1,806,794.62","2,171,015.08",120.16,27,4,14.81,73,37,"241,223.90","217,101.51","16,824.61",91.56,No,"364,220.46","29,739.93","58,676.08",0.15,Achieved
India,East,Bihar-Jharkhand Cluster,Bihar,BR001,Patna Boring Road,Nitin Sinha,EMP0132,Employee 132,Sales Officer,Mar-2026,Loans,Retail Lending,Auto Loan,6,6,"1,569,303.18","1,631,473.83",103.96,18,4,22.22,89,23,"271,912.30","146,832.64","10,261.81",94.06,No,"62,170.65","18,331.17","70,933.64",0.22,Achieved
India,East,Bihar-Jharkhand Cluster,Bihar,BR001,Patna Boring Road,Nitin Sinha,EMP0132,Employee 132,Sales Officer,Apr-2026,Cards,Cards,Credit Card,18,17,"1,011,903.57","911,368.63",90.06,68,9,13.24,166,44,"53,609.92","109,364.24","4,629.65",93.43,No,"-100,534.94","5,490.17","20,712.92",0.13,Below Target
India,East,Bihar-Jharkhand Cluster,Bihar,BR001,Patna Boring Road,Nitin Sinha,EMP0132,Employee 132,Sales Officer,May-2026,Loans,Retail Lending,Personal Loan,10,9,"3,961,707.99","3,977,862.08",100.41,36,8,22.22,107,21,"441,984.68","437,564.83","20,786.38",89.40,No,"16,154.09","37,176.28","189,422.00",0.22,Achieved
India,East,Bihar-Jharkhand Cluster,Bihar,BR001,Patna Boring Road,Nitin Sinha,EMP0132,Employee 132,Sales Officer,Jun-2026,Loans,Retail Lending,Home Loan,4,3,"8,383,390.35","6,773,991.86",80.80,18,4,22.22,91,27,"2,257,997.29","541,919.35","42,294.38",97.77,Yes,"-1,609,398.49","74,439.47","250,888.59",0.22,Below Target
India,East,Bihar-Jharkhand Cluster,Bihar,BR001,Patna Boring Road,Nitin Sinha,EMP0133,Employee 133,Sales Officer,Jan-2026,Loans,Retail Lending,Auto Loan,5,4,"1,634,233.61","1,569,418.12",96.03,16,5,31.25,117,28,"392,354.53","141,247.63","14,100.78",87.69,No,"-64,815.49","13,413.83","56,050.65",0.31,Below Target
India,East,Bihar-Jharkhand Cluster,Bihar,BR001,Patna Boring Road,Nitin Sinha,EMP0133,Employee 133,Sales Officer,Feb-2026,Loans,Retail Lending,Auto Loan,5,4,"1,456,563.02","1,425,465.74",97.87,12,3,25.00,132,42,"356,366.44","128,291.92","10,804.72",91.61,No,"-31,097.28","10,798.98","33,939.66",0.25,Below Target
India,East,Bihar-Jharkhand Cluster,Bihar,BR001,Patna Boring Road,Nitin Sinha,EMP0133,Employee 133,Sales Officer,Mar-2026,Cards,Cards,Credit Card,15,15,"800,588.80","869,878.42",108.65,75,17,22.67,112,36,"57,991.89","104,385.41","8,309.82",76.23,No,"69,289.62","7,766.77","24,163.29",0.23,Achieved
India,East,Bihar-Jharkhand Cluster,Bihar,BR001,Patna Boring Road,Nitin Sinha,EMP0133,Employee 133,Sales Officer,Apr-2026,CASA,Accounts,Current Account,12,14,"2,278,378.25","2,582,937.51",113.37,84,25,29.76,168,15,"184,495.54","258,293.75","17,168.00",93.19,No,"304,559.26","15,374.63","172,195.83",0.30,Achieved
India,East,Bihar-Jharkhand Cluster,Bihar,BR001,Patna Boring Road,Nitin Sinha,EMP0133,Employee 133,Sales Officer,May-2026,Insurance,Insurance,General Insurance,9,9,"465,141.42","490,138.78",105.37,36,5,13.89,79,38,"54,459.86","68,619.43","6,342.45",87.60,No,"24,997.37","6,204.29","12,898.39",0.14,Achieved
India,East,Bihar-Jharkhand Cluster,Bihar,BR001,Patna Boring Road,Nitin Sinha,EMP0133,Employee 133,Sales Officer,Jun-2026,Loans,Retail Lending,Home Loan,4,3,"8,189,400.69","7,309,193.59",89.25,18,2,11.11,108,37,"2,436,397.86","584,735.49","28,140.47",86.27,No,"-880,207.10","67,677.72","197,545.77",0.11,Below Target
India,East,Bihar-Jharkhand Cluster,Bihar,BR001,Patna Boring Road,Nitin Sinha,EMP0134,Employee 134,Sales Officer,Jan-2026,CASA,Accounts,Savings Account,32,29,"1,273,567.06","1,252,763.15",98.37,145,32,22.07,134,41,"43,198.73","100,221.05","6,869.08",68.30,No,"-20,803.91","9,348.98","30,555.20",0.22,Below Target
India,East,Bihar-Jharkhand Cluster,Bihar,BR001,Patna Boring Road,Nitin Sinha,EMP0134,Employee 134,Sales Officer,Feb-2026,Loans,Retail Lending,Personal Loan,9,10,"4,361,934.12","5,076,391.62",116.38,50,16,32.00,134,27,"507,639.16","558,403.08","46,431.60",100.00,No,"714,457.50","37,883.52","188,014.50",0.32,Achieved
India,East,Bihar-Jharkhand Cluster,Bihar,BR001,Patna Boring Road,Nitin Sinha,EMP0134,Employee 134,Sales Officer,Mar-2026,Investments,Investments,Fixed Deposit,13,13,"3,221,517.88","3,347,870.26",103.92,78,13,16.67,97,47,"257,528.48","234,350.92","20,565.42",88.46,No,"126,352.38","34,514.13","71,231.28",0.17,Achieved
India,East,Bihar-Jharkhand Cluster,Bihar,BR001,Patna Boring Road,Nitin Sinha,EMP0134,Employee 134,Sales Officer,Apr-2026,Investments,Investments,Recurring Deposit,16,10,"796,944.50","523,679.84",65.71,60,15,25.00,173,45,"52,367.98","31,420.79","2,214.85",99.90,No,"-273,264.67","3,027.05","11,637.33",0.25,Below Target
India,East,Bihar-Jharkhand Cluster,Bihar,BR001,Patna Boring Road,Nitin Sinha,EMP0134,Employee 134,Sales Officer,May-2026,CASA,Accounts,Current Account,11,16,"2,226,089.34","3,351,417.52",150.55,48,9,18.75,111,19,"209,463.59","335,141.75","19,805.30",100.00,No,"1,125,328.18","30,192.95","176,390.40",0.19,Achieved
India,East,Bihar-Jharkhand Cluster,Bihar,BR001,Patna Boring Road,Nitin Sinha,EMP0134,Employee 134,Sales Officer,Jun-2026,CASA,Accounts,Current Account,12,12,"2,401,421.85","2,783,052.74",115.89,36,6,16.67,176,22,"231,921.06","278,305.27","15,656.84",93.09,No,"381,630.89","15,812.80","126,502.40",0.17,Achieved
India,East,Bihar-Jharkhand Cluster,Bihar,BR001,Patna Boring Road,Nitin Sinha,EMP0135,Employee 135,Sales Officer,Jan-2026,Loans,Retail Lending,Auto Loan,6,8,"1,643,350.32","2,398,501.25",145.95,24,2,8.33,134,23,"299,812.66","215,865.11","13,917.49",99.54,No,"755,150.92","17,899.26","104,282.66",0.08,Achieved
India,East,Bihar-Jharkhand Cluster,Bihar,BR001,Patna Boring Road,Nitin Sinha,EMP0135,Employee 135,Sales Officer,Feb-2026,CASA,Accounts,Savings Account,40,35,"1,101,678.93","936,006.39",84.96,105,32,30.48,116,18,"26,743.04","74,880.51","3,065.50",100.00,Yes,"-165,672.53","8,069.02","52,000.36",0.30,Below Target
India,East,Bihar-Jharkhand Cluster,Bihar,BR001,Patna Boring Road,Nitin Sinha,EMP0135,Employee 135,Sales Officer,Mar-2026,Investments,Investments,Mutual Fund,8,5,"1,820,397.15","1,079,279.22",59.29,20,5,25.00,164,29,"215,855.84","107,927.92","7,185.43",87.34,No,"-741,117.93","6,580.97","37,216.52",0.25,Below Target
India,East,Bihar-Jharkhand Cluster,Bihar,BR001,Patna Boring Road,Nitin Sinha,EMP0135,Employee 135,Sales Officer,Apr-2026,Loans,Retail Lending,Personal Loan,10,7,"5,076,189.06","3,534,879.56",69.64,28,9,32.14,174,47,"504,982.79","388,836.75","17,054.05",85.74,No,"-1,541,309.50","20,315.40","75,210.20",0.32,Below Target
India,East,Bihar-Jharkhand Cluster,Bihar,BR001,Patna Boring Road,Nitin Sinha,EMP0135,Employee 135,Sales Officer,May-2026,Investments,Investments,Recurring Deposit,20,22,"772,776.41","792,708.67",102.58,88,21,23.86,137,47,"36,032.21","47,562.52","2,734.04",73.96,No,"19,932.26","5,786.19","16,866.14",0.24,Achieved
India,East,Bihar-Jharkhand Cluster,Bihar,BR001,Patna Boring Road,Nitin Sinha,EMP0135,Employee 135,Sales Officer,Jun-2026,Investments,Investments,Recurring Deposit,20,19,"675,629.27","679,105.64",100.51,76,10,13.16,153,42,"35,742.40","40,746.34","2,176.33",92.95,No,"3,476.38","4,438.60","16,169.18",0.13,Achieved
India,East,Bihar-Jharkhand Cluster,Bihar,BR001,Patna Boring Road,Nitin Sinha,EMP0136,Employee 136,Relationship Manager,Jan-2026,Insurance,Insurance,Life Insurance,6,8,"741,052.58","1,149,366.13",155.10,32,4,12.50,179,32,"143,670.77","206,885.90","13,836.22",87.73,No,"408,313.56","6,421.04","35,917.69",0.12,Achieved
India,East,Bihar-Jharkhand Cluster,Bihar,BR001,Patna Boring Road,Nitin Sinha,EMP0136,Employee 136,Relationship Manager,Feb-2026,Loans,Retail Lending,Auto Loan,5,4,"1,664,096.94","1,333,104.60",80.11,24,4,16.67,99,40,"333,276.15","119,979.41","6,542.69",81.15,No,"-330,992.34","13,465.70","33,327.61",0.17,Below Target
India,East,Bihar-Jharkhand Cluster,Bihar,BR001,Patna Boring Road,Nitin Sinha,EMP0136,Employee 136,Relationship Manager,Mar-2026,Insurance,Insurance,General Insurance,10,7,"441,178.74","331,641.87",75.17,42,12,28.57,152,25,"47,377.41","46,429.86","3,435.52",81.98,Yes,"-109,536.87","2,181.85","13,265.67",0.29,Below Target
India,East,Bihar-Jharkhand Cluster,Bihar,BR001,Patna Boring Road,Nitin Sinha,EMP0136,Employee 136,Relationship Manager,Apr-2026,Investments,Investments,Fixed Deposit,15,11,"3,147,334.03","2,298,374.92",73.03,33,10,30.30,73,31,"208,943.17","160,886.24","6,664.39",80.18,No,"-848,959.12","31,484.59","74,141.13",0.30,Below Target
India,East,Bihar-Jharkhand Cluster,Bihar,BR001,Patna Boring Road,Nitin Sinha,EMP0136,Employee 136,Relationship Manager,May-2026,Loans,Retail Lending,Home Loan,3,3,"9,383,110.93","10,034,371.27",106.94,12,3,25.00,125,27,"3,344,790.42","802,749.70","58,544.94",89.23,No,"651,260.33","80,274.97","371,643.38",0.25,Achieved
India,East,Bihar-Jharkhand Cluster,Bihar,BR001,Patna Boring Road,Nitin Sinha,EMP0136,Employee 136,Relationship Manager,Jun-2026,Loans,Retail Lending,Auto Loan,6,8,"1,368,560.22","2,047,403.11",149.60,48,6,12.50,105,47,"255,925.39","184,266.28","12,843.98",83.56,No,"678,842.89","19,499.08","43,561.77",0.12,Achieved
India,East,Bihar-Jharkhand Cluster,Jharkhand,JH001,Ranchi Main Road,Ayesha Khan,EMP0137,Employee 137,Sales Officer,Jan-2026,Loans,Retail Lending,Auto Loan,5,5,"1,782,720.86","1,984,597.72",111.32,30,5,16.67,107,46,"396,919.54","178,613.79","14,735.54",83.38,No,"201,876.86","18,547.64","43,143.43",0.17,Achieved
India,East,Bihar-Jharkhand Cluster,Jharkhand,JH001,Ranchi Main Road,Ayesha Khan,EMP0137,Employee 137,Sales Officer,Feb-2026,Loans,Retail Lending,Home Loan,4,3,"9,641,211.32","8,961,329.22",92.95,18,3,16.67,155,30,"2,987,109.74","716,906.34","55,182.76",100.00,No,"-679,882.10","57,815.03","298,710.97",0.17,Below Target
India,East,Bihar-Jharkhand Cluster,Jharkhand,JH001,Ranchi Main Road,Ayesha Khan,EMP0137,Employee 137,Sales Officer,Mar-2026,Investments,Investments,Recurring Deposit,20,18,"666,540.03","595,571.54",89.35,54,11,20.37,98,19,"33,087.31","35,734.29","2,977.59",90.51,No,"-70,968.50","6,077.26","31,345.87",0.20,Below Target
India,East,Bihar-Jharkhand Cluster,Jharkhand,JH001,Ranchi Main Road,Ayesha Khan,EMP0137,Employee 137,Sales Officer,Apr-2026,Cards,Cards,Credit Card,18,16,"911,206.70","878,011.63",96.36,96,19,19.79,117,41,"54,875.73","105,361.40","8,970.91",74.64,No,"-33,195.07","7,504.37","21,414.92",0.20,Below Target
India,East,Bihar-Jharkhand Cluster,Jharkhand,JH001,Ranchi Main Road,Ayesha Khan,EMP0137,Employee 137,Sales Officer,May-2026,Loans,Retail Lending,Auto Loan,6,3,"1,469,636.30","973,358.15",66.23,12,1,8.33,127,23,"324,452.72","87,602.23","7,895.52",76.24,No,"-496,278.15","7,664.24","42,319.92",0.08,Below Target
India,East,Bihar-Jharkhand Cluster,Jharkhand,JH001,Ranchi Main Road,Ayesha Khan,EMP0137,Employee 137,Sales Officer,Jun-2026,Insurance,Insurance,Life Insurance,6,4,"709,802.69","592,496.39",83.47,24,4,16.67,152,16,"148,124.10","106,649.35","9,420.85",92.20,No,"-117,306.30","3,898.00","37,031.02",0.17,Below Target
India,East,Bihar-Jharkhand Cluster,Jharkhand,JH001,Ranchi Main Road,Ayesha Khan,EMP0138,Employee 138,Relationship Manager,Jan-2026,Cards,Cards,Debit Card,29,34,"389,512.97","450,045.92",115.54,102,16,15.69,78,15,"13,236.64","18,001.84","1,383.95",80.59,No,"60,532.95","5,769.82","30,003.06",0.16,Achieved
India,East,Bihar-Jharkhand Cluster,Jharkhand,JH001,Ranchi Main Road,Ayesha Khan,EMP0138,Employee 138,Relationship Manager,Feb-2026,Cards,Cards,Debit Card,29,27,"355,160.12","365,101.32",102.80,81,23,28.40,126,41,"13,522.27","14,604.05","1,139.50",90.80,No,"9,941.19","2,897.63","8,904.91",0.28,Achieved
India,East,Bihar-Jharkhand Cluster,Jharkhand,JH001,Ranchi Main Road,Ayesha Khan,EMP0138,Employee 138,Relationship Manager,Mar-2026,Investments,Investments,Recurring Deposit,18,13,"678,104.74","463,979.08",68.42,65,16,24.62,150,45,"35,690.70","27,838.75","1,392.72",88.80,No,"-214,125.66","3,093.19","10,310.65",0.25,Below Target
India,East,Bihar-Jharkhand Cluster,Jharkhand,JH001,Ranchi Main Road,Ayesha Khan,EMP0138,Employee 138,Relationship Manager,Apr-2026,CASA,Accounts,Savings Account,35,22,"1,076,656.27","722,286.79",67.09,66,8,12.12,76,43,"32,831.22","57,782.94","5,419.71",89.14,No,"-354,369.47","9,503.77","16,797.37",0.12,Below Target
India,East,Bihar-Jharkhand Cluster,Jharkhand,JH001,Ranchi Main Road,Ayesha Khan,EMP0138,Employee 138,Relationship Manager,May-2026,CASA,Accounts,Current Account,12,12,"2,818,265.76","2,989,027.58",106.06,60,12,20.00,82,44,"249,085.63","298,902.76","12,500.22",75.99,Yes,"170,761.82","36,451.56","67,932.44",0.20,Achieved
India,East,Bihar-Jharkhand Cluster,Jharkhand,JH001,Ranchi Main Road,Ayesha Khan,EMP0138,Employee 138,Relationship Manager,Jun-2026,Loans,Retail Lending,Auto Loan,6,5,"1,754,986.27","1,551,366.33",88.40,15,4,26.67,123,31,"310,273.27","139,622.97","7,788.75",96.18,No,"-203,619.94","12,612.73","50,044.08",0.27,Below Target
India,East,Bihar-Jharkhand Cluster,Jharkhand,JH001,Ranchi Main Road,Ayesha Khan,EMP0139,Employee 139,Relationship Manager,Jan-2026,Investments,Investments,Mutual Fund,7,5,"1,554,067.82","1,438,148.23",92.54,20,3,15.00,83,22,"287,629.65","143,814.82","11,156.39",78.56,No,"-115,919.59","17,327.09","65,370.37",0.15,Below Target
India,East,Bihar-Jharkhand Cluster,Jharkhand,JH001,Ranchi Main Road,Ayesha Khan,EMP0139,Employee 139,Relationship Manager,Feb-2026,Investments,Investments,Recurring Deposit,18,15,"768,290.52","626,494.29",81.54,45,8,17.78,175,40,"41,766.29","37,589.66","1,547.98",86.56,No,"-141,796.23","3,579.97","15,662.36",0.18,Below Target
India,East,Bihar-Jharkhand Cluster,Jharkhand,JH001,Ranchi Main Road,Ayesha Khan,EMP0139,Employee 139,Relationship Manager,Mar-2026,Loans,Retail Lending,Home Loan,4,2,"9,065,020.14","5,064,146.29",55.86,7,1,14.29,91,22,"2,532,073.15","405,131.70","19,146.52",85.96,No,"-4,000,873.85","55,649.96","230,188.47",0.14,Below Target
India,East,Bihar-Jharkhand Cluster,Jharkhand,JH001,Ranchi Main Road,Ayesha Khan,EMP0139,Employee 139,Relationship Manager,Apr-2026,Investments,Investments,Mutual Fund,7,6,"1,687,260.59","1,484,700.77",87.99,18,5,27.78,123,37,"247,450.13","148,470.08","6,672.39",85.82,No,"-202,559.82","12,070.74","40,127.05",0.28,Below Target
India,East,Bihar-Jharkhand Cluster,Jharkhand,JH001,Ranchi Main Road,Ayesha Khan,EMP0139,Employee 139,Relationship Manager,May-2026,Loans,Retail Lending,Home Loan,4,3,"7,335,662.81","6,643,245.36",90.56,12,3,25.00,138,16,"2,214,415.12","531,459.63","23,621.53",82.58,No,"-692,417.44","48,139.46","415,202.84",0.25,Below Target
India,East,Bihar-Jharkhand Cluster,Jharkhand,JH001,Ranchi Main Road,Ayesha Khan,EMP0139,Employee 139,Relationship Manager,Jun-2026,Insurance,Insurance,Life Insurance,7,10,"790,094.39","1,103,357.06",139.65,40,6,15.00,147,15,"110,335.71","198,604.27","11,378.58",88.85,No,"313,262.67","7,505.83","73,557.14",0.15,Achieved
India,East,Bihar-Jharkhand Cluster,Jharkhand,JH001,Ranchi Main Road,Ayesha Khan,EMP0140,Employee 140,Sales Officer,Jan-2026,CASA,Accounts,Current Account,10,12,"2,477,076.15","3,183,558.75",128.52,36,6,16.67,175,27,"265,296.56","318,355.87","24,393.58",98.36,Yes,"706,482.60","18,191.76","117,909.58",0.17,Achieved
India,East,Bihar-Jharkhand Cluster,Jharkhand,JH001,Ranchi Main Road,Ayesha Khan,EMP0140,Employee 140,Sales Officer,Feb-2026,Investments,Investments,Recurring Deposit,17,13,"800,575.23","583,738.02",72.91,39,13,33.33,156,43,"44,902.92","35,024.28","3,176.09",78.30,No,"-216,837.20","3,741.91","13,575.30",0.33,Below Target
India,East,Bihar-Jharkhand Cluster,Jharkhand,JH001,Ranchi Main Road,Ayesha Khan,EMP0140,Employee 140,Sales Officer,Mar-2026,Loans,Retail Lending,Personal Loan,10,14,"3,921,286.04","5,047,888.80",128.73,84,16,19.05,161,32,"360,563.49","555,267.77","23,679.69",94.98,No,"1,126,602.76","31,353.35","157,746.52",0.19,Achieved
India,East,Bihar-Jharkhand Cluster,Jharkhand,JH001,Ranchi Main Road,Ayesha Khan,EMP0140,Employee 140,Sales Officer,Apr-2026,Cards,Cards,Debit Card,34,33,"309,645.90","334,500.93",108.03,132,25,18.94,135,19,"10,136.39","13,380.04","1,198.90",84.38,No,"24,855.03","2,477.78","17,605.31",0.19,Achieved
India,East,Bihar-Jharkhand Cluster,Jharkhand,JH001,Ranchi Main Road,Ayesha Khan,EMP0140,Employee 140,Sales Officer,May-2026,Investments,Investments,Fixed Deposit,16,18,"2,615,044.54","3,216,979.74",123.02,54,14,25.93,160,40,"178,721.10","225,188.58","17,395.81",99.76,No,"601,935.20","20,106.12","80,424.49",0.26,Achieved
India,East,Bihar-Jharkhand Cluster,Jharkhand,JH001,Ranchi Main Road,Ayesha Khan,EMP0140,Employee 140,Sales Officer,Jun-2026,Insurance,Insurance,Life Insurance,7,3,"627,734.95","299,849.68",47.77,18,3,16.67,91,32,"99,949.89","53,972.94","2,669.62",87.24,No,"-327,885.27","3,295.05","9,370.30",0.17,Below Target
India,East,Bihar-Jharkhand Cluster,Jharkhand,JH001,Ranchi Main Road,Ayesha Khan,EMP0141,Employee 141,Sales Officer,Jan-2026,Loans,Retail Lending,Auto Loan,5,2,"1,433,640.44","808,174.61",56.37,12,1,8.33,137,36,"404,087.30","72,735.71","6,257.46",81.05,No,"-625,465.83","5,899.08","22,449.29",0.08,Below Target
India,East,Bihar-Jharkhand Cluster,Jharkhand,JH001,Ranchi Main Road,Ayesha Khan,EMP0141,Employee 141,Sales Officer,Feb-2026,CASA,Accounts,Current Account,11,12,"2,322,193.19","2,478,637.16",106.74,48,6,12.50,79,27,"206,553.10","247,863.72","23,439.89",83.87,No,"156,443.97","31,375.15","91,801.38",0.12,Achieved
India,East,Bihar-Jharkhand Cluster,Jharkhand,JH001,Ranchi Main Road,Ayesha Khan,EMP0141,Employee 141,Sales Officer,Mar-2026,Insurance,Insurance,Life Insurance,7,9,"698,636.93","852,938.62",122.09,36,11,30.56,114,38,"94,770.96","153,528.95","9,864.73",92.67,No,"154,301.69","7,481.92","22,445.75",0.31,Achieved
India,East,Bihar-Jharkhand Cluster,Jharkhand,JH001,Ranchi Main Road,Ayesha Khan,EMP0141,Employee 141,Sales Officer,Apr-2026,Investments,Investments,Recurring Deposit,19,20,"634,995.97","689,844.76",108.64,100,22,22.00,82,17,"34,492.24","41,390.69","3,052.91",89.19,No,"54,848.79","8,412.74","40,579.10",0.22,Achieved
India,East,Bihar-Jharkhand Cluster,Jharkhand,JH001,Ranchi Main Road,Ayesha Khan,EMP0141,Employee 141,Sales Officer,May-2026,Cards,Cards,Credit Card,20,14,"839,400.30","639,197.16",76.15,56,6,10.71,152,49,"45,656.94","76,703.66","5,293.75",95.24,No,"-200,203.14","4,205.24","13,044.84",0.11,Below Target
India,East,Bihar-Jharkhand Cluster,Jharkhand,JH001,Ranchi Main Road,Ayesha Khan,EMP0141,Employee 141,Sales Officer,Jun-2026,Investments,Investments,Fixed Deposit,13,13,"2,924,714.55","3,133,182.70",107.13,39,9,23.08,122,37,"241,014.05","219,322.79","15,501.27",81.64,Yes,"208,468.15","25,681.83","84,680.61",0.23,Achieved
India,East,Bihar-Jharkhand Cluster,Jharkhand,JH001,Ranchi Main Road,Ayesha Khan,EMP0142,Employee 142,Sales Officer,Jan-2026,Loans,Retail Lending,Auto Loan,6,5,"1,800,378.99","1,855,283.81",103.05,20,4,20.00,143,17,"371,056.76","166,975.54","7,072.28",92.78,No,"54,904.83","12,974.01","109,134.34",0.20,Achieved
India,East,Bihar-Jharkhand Cluster,Jharkhand,JH001,Ranchi Main Road,Ayesha Khan,EMP0142,Employee 142,Sales Officer,Feb-2026,Investments,Investments,Fixed Deposit,14,17,"3,178,266.90","3,856,871.27",121.35,68,14,20.59,169,16,"226,874.78","269,980.99","26,156.62",92.93,No,"678,604.36","22,821.72","241,054.45",0.21,Achieved
India,East,Bihar-Jharkhand Cluster,Jharkhand,JH001,Ranchi Main Road,Ayesha Khan,EMP0142,Employee 142,Sales Officer,Mar-2026,Cards,Cards,Debit Card,31,15,"305,339.47","163,173.80",53.44,90,22,24.44,159,40,"10,878.25","6,526.95",372.89,86.09,No,"-142,165.67","1,026.25","4,079.34",0.24,Below Target
India,East,Bihar-Jharkhand Cluster,Jharkhand,JH001,Ranchi Main Road,Ayesha Khan,EMP0142,Employee 142,Sales Officer,Apr-2026,Loans,Retail Lending,Personal Loan,9,9,"4,860,692.09","4,932,505.56",101.48,45,7,15.56,105,15,"548,056.17","542,575.61","48,040.77",82.67,No,"71,813.47","46,976.24","328,833.70",0.16,Achieved
India,East,Bihar-Jharkhand Cluster,Jharkhand,JH001,Ranchi Main Road,Ayesha Khan,EMP0142,Employee 142,Sales Officer,May-2026,Loans,Retail Lending,Auto Loan,6,9,"1,601,037.77","2,653,548.43",165.74,54,12,22.22,79,38,"294,838.71","238,819.36","17,504.17",88.54,No,"1,052,510.66","33,589.22","69,830.22",0.22,Achieved
India,East,Bihar-Jharkhand Cluster,Jharkhand,JH001,Ranchi Main Road,Ayesha Khan,EMP0142,Employee 142,Sales Officer,Jun-2026,Insurance,Insurance,General Insurance,8,6,"447,164.18","304,997.38",68.21,30,5,16.67,169,39,"50,832.90","42,699.63","3,548.66",100.00,No,"-142,166.80","1,804.72","7,820.45",0.17,Below Target
India,East,Bihar-Jharkhand Cluster,Jharkhand,JH001,Ranchi Main Road,Ayesha Khan,EMP0143,Employee 143,Sales Officer,Jan-2026,CASA,Accounts,Current Account,10,8,"2,377,614.33","1,969,778.78",82.85,32,5,15.62,129,26,"246,222.35","196,977.88","11,049.85",93.89,No,"-407,835.55","15,269.60","75,760.72",0.16,Below Target
India,East,Bihar-Jharkhand Cluster,Jharkhand,JH001,Ranchi Main Road,Ayesha Khan,EMP0143,Employee 143,Sales Officer,Feb-2026,Loans,Retail Lending,Auto Loan,6,6,"1,368,810.75","1,520,921.49",111.11,24,7,29.17,107,18,"253,486.92","136,882.93","9,232.44",98.19,No,"152,110.75","14,214.22","84,495.64",0.29,Achieved
India,East,Bihar-Jharkhand Cluster,Jharkhand,JH001,Ranchi Main Road,Ayesha Khan,EMP0143,Employee 143,Sales Officer,Mar-2026,Loans,Retail Lending,Auto Loan,6,7,"1,507,261.26","1,672,281.76",110.95,35,10,28.57,73,16,"238,897.39","150,505.36","10,461.84",80.21,No,"165,020.50","22,907.97","104,517.61",0.29,Achieved
India,East,Bihar-Jharkhand Cluster,Jharkhand,JH001,Ranchi Main Road,Ayesha Khan,EMP0143,Employee 143,Sales Officer,Apr-2026,Loans,Retail Lending,Home Loan,3,3,"9,075,716.17","10,630,913.07",117.14,15,4,26.67,80,22,"3,543,637.69","850,473.05","66,373.73",89.21,No,"1,555,196.90","132,886.41","483,223.32",0.27,Achieved
India,East,Bihar-Jharkhand Cluster,Jharkhand,JH001,Ranchi Main Road,Ayesha Khan,EMP0143,Employee 143,Sales Officer,May-2026,Loans,Retail Lending,Home Loan,4,3,"7,916,965.54","7,098,769.46",89.67,18,5,27.78,100,32,"2,366,256.49","567,901.56","41,031.67",75.86,Yes,"-818,196.08","70,987.69","221,836.55",0.28,Below Target
India,East,Bihar-Jharkhand Cluster,Jharkhand,JH001,Ranchi Main Road,Ayesha Khan,EMP0143,Employee 143,Sales Officer,Jun-2026,Loans,Retail Lending,Auto Loan,6,4,"1,379,800.16","1,053,800.40",76.37,12,2,16.67,89,41,"263,450.10","94,842.04","3,981.77",86.56,No,"-325,999.75","11,840.45","25,702.45",0.17,Below Target
India,East,Bihar-Jharkhand Cluster,Jharkhand,JH001,Ranchi Main Road,Ayesha Khan,EMP0144,Employee 144,Sales Officer,Jan-2026,Loans,Retail Lending,Home Loan,3,2,"8,535,778.59","7,914,407.56",92.72,7,2,28.57,74,49,"3,957,203.78","633,152.60","60,669.36",88.09,No,"-621,371.03","106,951.45","161,518.52",0.29,Below Target
India,East,Bihar-Jharkhand Cluster,Jharkhand,JH001,Ranchi Main Road,Ayesha Khan,EMP0144,Employee 144,Sales Officer,Feb-2026,Insurance,Insurance,Life Insurance,7,7,"760,831.46","874,038.77",114.88,28,7,25.00,112,28,"124,862.68","157,326.98","6,595.74",82.33,No,"113,207.31","7,803.92","31,215.67",0.25,Achieved
India,East,Bihar-Jharkhand Cluster,Jharkhand,JH001,Ranchi Main Road,Ayesha Khan,EMP0144,Employee 144,Sales Officer,Mar-2026,Investments,Investments,Fixed Deposit,12,12,"3,001,541.54","3,099,448.80",103.26,60,15,25.00,143,35,"258,287.40","216,961.42","17,511.18",91.25,No,"97,907.26","21,674.47","88,555.68",0.25,Achieved
India,East,Bihar-Jharkhand Cluster,Jharkhand,JH001,Ranchi Main Road,Ayesha Khan,EMP0144,Employee 144,Sales Officer,Apr-2026,Loans,Retail Lending,Personal Loan,9,4,"3,841,368.41","1,924,699.66",50.10,24,3,12.50,175,36,"481,174.91","211,716.96","9,978.46",97.71,No,"-1,916,668.75","10,998.28","53,463.88",0.12,Below Target
India,East,Bihar-Jharkhand Cluster,Jharkhand,JH001,Ranchi Main Road,Ayesha Khan,EMP0144,Employee 144,Sales Officer,May-2026,CASA,Accounts,Savings Account,30,25,"1,378,722.18","1,245,435.84",90.33,100,18,18.00,132,26,"49,817.43","99,634.87","8,707.94",96.34,No,"-133,286.34","9,435.12","47,901.38",0.18,Below Target
India,East,Bihar-Jharkhand Cluster,Jharkhand,JH001,Ranchi Main Road,Ayesha Khan,EMP0144,Employee 144,Sales Officer,Jun-2026,Insurance,Insurance,General Insurance,10,13,"469,703.46","669,428.57",142.52,39,11,28.21,115,29,"51,494.51","93,720.00","6,455.71",75.71,No,"199,725.11","5,821.12","23,083.74",0.28,Achieved